drop database if exists student_registrations;
create database student_registrations;

use student_registrations;

create table major (
	major_id int primary key auto_increment,
    `name` varchar(50) not null unique
);

create table course (
	course_id int primary key auto_increment,
    `title` varchar(100) not null unique
);

create table grade_type (
	grade_type_id int primary key auto_increment,
    `name` varchar(20) not null unique
);

create table student (
	student_id int primary key auto_increment,
    first_name varchar(50) not null,
    last_name varchar(50) not null,
    email_address varchar(100) not null unique,
    birth_date date not null,
    country varchar(50) not null,
    gpa decimal(3,2) not null,
    major_id int not null,
    iq double not null,
    constraint fk_student_major_id
		foreign key (major_id)
		references major(major_id)
);

create table registration (
    student_id int not null,
    course_id int not null,
    point_percent double not null,
	grade_type_id int not null,
    constraint pk_registration
		primary key(student_id, course_id),
    constraint fk_registration_student_id
		foreign key (student_id)
		references student(student_id),
    constraint fk_registration_course_id
		foreign key (course_id)
		references course(course_id)
);

insert into major (major_id, `name`)
	values
    (1, 'American Studies'),
    (2, 'Sociology'),
    (3, 'Philosophy'),
    (4, 'Political Science'),
    (5, 'Economics'),
    (6, 'Business'),
    (7, 'Anthropology'),
    (8, 'Education'),
    (9, 'Communications'),
    (10, 'Pre-Med'),
    (11, 'Mathematics'),
    (12, 'Computer Science');

insert into course (course_id, title)
	values
	(1, 'Research Methods: Research in Liberal Arts Disciplines'),
	(2, 'Greco-Roman Tradition'),
	(3, 'Ancient Philosophy'),
	(4, 'Sacred Writing'),
	(5, 'Intro to College English'),
	(6, 'World Views'),
	(7, 'Post-Classical History'),
	(8, 'Modern Philosophy'),
	(9, 'Principles of Mathematics and Logic'),
	(10, 'Renaissance to Baroque Art'),
	(11, 'Literary Genres'),
	(12, 'Modern History-19th and 20th Centuries'),
	(13, 'Science: History and Methodology'),
	(14, 'Literary Themes'),
	(15, 'Knowledge'),
	(16, 'Applied Themes in English'),
	(17, 'Applied Ethics in Humanities'),
	(18, 'Physical Activity and Autonomy');

insert into grade_type (grade_type_id, `name`) 
	values
	(1, 'A Through F'),
    (2, 'Pass/Fail'),
    (3, 'Audit');

insert into student (
	student_id,
	first_name,
	last_name,
	email_address,
	birth_date,
	country,
	gpa,
	major_id,
	iq
)
values
(1, 'Lisle', 'Scamal', 'lscamal0@gravatar.com', '1957-08-06', 'China', 3.36, 1, 121.0),
(2, 'Birdie', 'Folcarelli', 'bfolcarelli1@wikispaces.com', '1933-12-23', 'China', 3.29, 2, 101.0),
(3, 'Weston', 'Corck', 'wcorck2@theatlantic.com', '1931-09-06', 'China', 3.51, 9, 114.0),
(4, 'Nicolis', 'Barnsdale', 'nbarnsdale3@ihg.com', '1933-01-03', 'China', 2.37, 9, 81.0),
(5, 'Valida', 'Chadwen', 'vchadwen4@prlog.org', '1982-05-26', 'Brazil', 3.52, 1, 98.0),
(6, 'Judon', 'Castagnet', 'jcastagnet5@delicious.com', '1988-01-29', 'Russia', 1.86, 7, 88.0),
(7, 'Gibb', 'Ellis', 'gellis6@state.tx.us', '1968-05-05', 'Philippines', 2.85, 1, 127.0),
(8, 'Justinn', 'Uc', 'juc7@cisco.com', '1928-08-27', 'Indonesia', 1.56, 7, 92.0),
(9, 'Winn', 'Halsworth', 'whalsworth8@reference.com', '1981-09-02', 'Yemen', 1.57, 2, 99.0),
(10, 'Fidel', 'McCheyne', 'fmccheyne9@mlb.com', '1926-01-17', 'Ukraine', 1.64, 3, 113.0),
(11, 'Wrennie', 'Belin', 'wbelina@cnn.com', '1975-04-10', 'China', 1.67, 2, 80.0),
(12, 'Tobit', 'Burnyeat', 'tburnyeatb@woothemes.com', '1960-02-03', 'Philippines', 2.4, 4, 90.0),
(13, 'Rudie', 'Drayson', 'rdraysonc@answers.com', '1920-11-09', 'Czech Republic', 3.49, 11, 129.0),
(14, 'Paulo', 'Diano', 'pdianod@de.vu', '1960-01-06', 'Peru', 3.11, 5, 91.0),
(15, 'Alis', 'Hamlett', 'ahamlette@wp.com', '1942-12-30', 'Portugal', 1.73, 5, 91.0),
(16, 'Gilbert', 'Drewell', 'gdrewellf@clickbank.net', '1952-02-22', 'Honduras', 2.14, 1, 80.0),
(17, 'Hyacinthie', 'Guerri', 'hguerrig@ifeng.com', '1963-10-04', 'China', 2.06, 12, 128.0),
(18, 'Thane', 'Cheyne', 'tcheyneh@usda.gov', '1945-06-27', 'Nicaragua', 2.64, 10, 103.0),
(19, 'Kathie', 'Kilbourn', 'kkilbourni@hostgator.com', '1965-11-01', 'Kyrgyzstan', 3.15, 7, 124.0),
(20, 'Ajay', 'Beamson', 'abeamsonj@usgs.gov', '1948-01-11', 'Portugal', 2.49, 5, 81.0),
(21, 'Worden', 'Stearn', 'wstearnk@chron.com', '1937-02-11', 'Poland', 2.77, 9, 111.0),
(22, 'Morgana', 'Oxburgh', 'moxburghl@who.int', '1937-01-11', 'China', 2.0, 6, 102.0),
(23, 'Dew', 'Handyside', 'dhandysidem@harvard.edu', '1954-12-20', 'Greece', 2.3, 1, 80.0),
(24, 'Rinaldo', 'Sherewood', 'rsherewoodn@pinterest.com', '1942-05-22', 'Brazil', 4.0, 4, 93.0),
(25, 'Armand', 'Normadell', 'anormadello@merriam-webster.com', '1960-08-01', 'Brazil', 3.65, 11, 97.0),
(26, 'Freedman', 'Edmonson', 'fedmonsonp@go.com', '1933-11-26', 'Brazil', 3.93, 9, 112.0),
(27, 'Thor', 'Palister', 'tpalisterq@cisco.com', '1986-12-09', 'Brazil', 3.07, 7, 110.0),
(28, 'Tracy', 'Gager', 'tgagerr@illinois.edu', '1920-05-21', 'Thailand', 2.46, 6, 127.0),
(29, 'Ritchie', 'Morpeth', 'rmorpeths@tmall.com', '1960-10-27', 'Poland', 3.52, 1, 125.0),
(30, 'Imogen', 'Cleare', 'iclearet@seesaa.net', '1994-07-30', 'Poland', 1.91, 8, 99.0),
(31, 'Jillana', 'Ranyell', 'jranyellu@furl.net', '1974-01-04', 'Colombia', 3.41, 7, 118.0),
(32, 'Pavlov', 'Jacomb', 'pjacombv@nsw.gov.au', '1986-06-28', 'Dominican Republic', 2.45, 4, 81.0),
(33, 'Stacee', 'Pearle', 'spearlew@altervista.org', '1961-09-05', 'Malta', 2.91, 4, 126.0),
(34, 'Joseph', 'Gallafant', 'jgallafantx@timesonline.co.uk', '1990-05-27', 'China', 1.77, 10, 104.0),
(35, 'Meyer', 'Haggarth', 'mhaggarthy@xinhuanet.com', '1943-03-04', 'Cyprus', 2.24, 9, 96.0),
(36, 'Brendan', 'Shayes', 'bshayesz@ed.gov', '1962-06-16', 'France', 3.54, 5, 126.0),
(37, 'Sondra', 'Janata', 'sjanata10@google.nl', '1934-01-24', 'Ivory Coast', 3.57, 11, 107.0),
(38, 'Lilly', 'Sinnie', 'lsinnie11@topsy.com', '1958-07-15', 'Philippines', 1.66, 2, 107.0),
(39, 'Clerc', 'Lefever', 'clefever12@cbc.ca', '1988-10-16', 'Canada', 2.53, 2, 124.0),
(40, 'Ashley', 'Twinbrow', 'atwinbrow13@cbc.ca', '1946-12-05', 'Slovenia', 2.46, 10, 109.0),
(41, 'Denna', 'Krink', 'dkrink14@51.la', '1965-09-04', 'China', 2.16, 2, 86.0),
(42, 'Malory', 'Cicchillo', 'mcicchillo15@senate.gov', '1937-05-29', 'Panama', 2.14, 9, 87.0),
(43, 'Elden', 'Berzen', 'eberzen16@newsvine.com', '1944-11-02', 'China', 3.34, 3, 103.0),
(44, 'Lane', 'Gulston', 'lgulston17@abc.net.au', '1985-10-15', 'Bahrain', 2.46, 5, 118.0),
(45, 'Dannel', 'Dudek', 'ddudek18@businesswire.com', '1975-10-01', 'Dominican Republic', 3.94, 1, 101.0),
(46, 'Nonah', 'Hardey', 'nhardey19@jugem.jp', '1921-08-04', 'China', 3.53, 7, 114.0),
(47, 'Letitia', 'Saurin', 'lsaurin1a@hatena.ne.jp', '1963-01-02', 'Philippines', 3.63, 9, 108.0),
(48, 'Efren', 'Tippell', 'etippell1b@gnu.org', '1997-01-08', 'Jordan', 1.88, 3, 125.0),
(49, 'Maegan', 'Gover', 'mgover1c@stanford.edu', '1953-06-11', 'Philippines', 1.95, 8, 108.0),
(50, 'Moll', 'MacLice', 'mmaclice1d@shareasale.com', '1987-11-24', 'Poland', 3.49, 10, 90.0),
(51, 'Germaine', 'Tuminelli', 'gtuminelli1e@acquirethisname.com', '1980-08-30', 'China', 2.34, 6, 101.0),
(52, 'Janene', 'Erlam', 'jerlam1f@goo.ne.jp', '1951-02-24', 'Indonesia', 2.07, 1, 81.0),
(53, 'Linus', 'Ferries', 'lferries1g@msu.edu', '1967-11-20', 'Russia', 2.84, 2, 91.0),
(54, 'Hetti', 'Gauntley', 'hgauntley1h@google.nl', '1947-02-24', 'Brazil', 1.91, 1, 81.0),
(55, 'Aldo', 'Waldron', 'awaldron1i@hud.gov', '1948-08-24', 'Pakistan', 3.11, 7, 108.0),
(56, 'Lauree', 'Prowse', 'lprowse1j@mail.ru', '1977-11-08', 'Philippines', 2.2, 8, 105.0),
(57, 'Lyndel', 'Iannello', 'liannello1k@usda.gov', '1981-06-12', 'China', 1.74, 12, 98.0),
(58, 'Gaultiero', 'Hutcheons', 'ghutcheons1l@trellian.com', '1957-03-17', 'Portugal', 2.62, 6, 85.0),
(59, 'Ree', 'Addicott', 'raddicott1m@tamu.edu', '1981-05-29', 'France', 3.54, 6, 108.0),
(60, 'Jania', 'Woolland', 'jwoolland1n@marketwatch.com', '1933-02-03', 'Venezuela', 3.36, 8, 121.0),
(61, 'Corliss', 'Stapylton', 'cstapylton1o@youtu.be', '1985-03-12', 'Philippines', 2.73, 8, 81.0),
(62, 'Ado', 'Melpuss', 'amelpuss1p@oaic.gov.au', '1922-04-17', 'China', 3.33, 1, 113.0),
(63, 'Barret', 'Woolens', 'bwoolens1q@sina.com.cn', '1978-03-01', 'China', 2.87, 7, 127.0),
(64, 'Amory', 'Linklater', 'alinklater1r@nps.gov', '1945-09-11', 'Russia', 3.0, 2, 95.0),
(65, 'Shelby', 'Tandy', 'standy1s@moonfruit.com', '1933-10-06', 'China', 3.83, 5, 125.0),
(66, 'Berkly', 'Baldelli', 'bbaldelli1t@upenn.edu', '1960-11-03', 'China', 1.55, 11, 106.0),
(67, 'Marisa', 'Gaddes', 'mgaddes1u@disqus.com', '1941-05-04', 'Latvia', 3.14, 6, 96.0),
(68, 'Rorie', 'Hurling', 'rhurling1v@google.nl', '1935-07-18', 'Armenia', 3.81, 10, 101.0),
(69, 'Ambrosio', 'Harte', 'aharte1w@unesco.org', '1963-07-25', 'Greece', 2.82, 9, 90.0),
(70, 'Silvio', 'Rizzillo', 'srizzillo1x@umn.edu', '1929-06-11', 'Portugal', 3.52, 9, 98.0),
(71, 'Wilone', 'Miskimmon', 'wmiskimmon1y@comsenz.com', '1997-12-27', 'Azerbaijan', 2.58, 2, 114.0),
(72, 'Tedman', 'Bryning', 'tbryning1z@xinhuanet.com', '1997-09-07', 'Greece', 2.25, 11, 86.0),
(73, 'Teressa', 'Duhig', 'tduhig20@dot.gov', '1968-07-04', 'Mexico', 3.57, 6, 128.0),
(74, 'Abey', 'Caves', 'acaves21@nature.com', '1933-04-13', 'Mali', 3.35, 6, 118.0),
(75, 'Nancey', 'Van de Vlies', 'nvandevlies22@java.com', '1981-08-26', 'Greece', 3.37, 12, 121.0),
(76, 'Liva', 'Alcott', 'lalcott23@angelfire.com', '1929-07-04', 'China', 3.68, 5, 122.0),
(77, 'Selestina', 'Charpling', 'scharpling24@google.com', '1965-03-07', 'Pakistan', 1.82, 3, 106.0),
(78, 'Mag', 'Panter', 'mpanter25@woothemes.com', '1997-01-08', 'Brazil', 3.72, 2, 96.0),
(79, 'Shermy', 'Plews', 'splews26@weibo.com', '1993-07-03', 'Portugal', 3.78, 11, 89.0),
(80, 'Kendal', 'Petherick', 'kpetherick27@spiegel.de', '1945-06-30', 'China', 2.7, 7, 110.0),
(81, 'Koral', 'Flooks', 'kflooks28@com.com', '1983-03-07', 'Russia', 1.82, 5, 126.0),
(82, 'Karee', 'Oguz', 'koguz29@people.com.cn', '1996-04-20', 'Indonesia', 3.15, 11, 106.0),
(83, 'Kathleen', 'Frearson', 'kfrearson2a@ning.com', '1931-08-16', 'Mongolia', 2.9, 7, 94.0),
(84, 'Tabbatha', 'Totterdell', 'ttotterdell2b@squarespace.com', '1939-03-03', 'Bangladesh', 3.73, 3, 110.0),
(85, 'Jessamine', 'Tante', 'jtante2c@phoca.cz', '1924-02-03', 'China', 3.1, 4, 85.0),
(86, 'Kerr', 'Klimkin', 'kklimkin2d@craigslist.org', '1935-08-27', 'Brazil', 3.16, 6, 103.0),
(87, 'Gertrud', 'Summerrell', 'gsummerrell2e@quantcast.com', '1995-04-22', 'Sweden', 3.11, 2, 111.0),
(88, 'Tom', 'Calderon', 'tcalderon2f@shinystat.com', '1941-09-08', 'France', 2.56, 12, 84.0),
(89, 'Vevay', 'Jacox', 'vjacox2g@blog.com', '1996-09-30', 'Jordan', 3.35, 7, 104.0),
(90, 'Kevon', 'Moogan', 'kmoogan2h@tripadvisor.com', '1949-10-26', 'China', 2.65, 10, 85.0),
(91, 'Sheri', 'Siddle', 'ssiddle2i@discuz.net', '1986-01-29', 'Portugal', 2.89, 6, 110.0),
(92, 'Hercule', 'Retter', 'hretter2j@usatoday.com', '1927-03-30', 'China', 3.5, 12, 104.0),
(93, 'Karlene', 'Fedder', 'kfedder2k@slashdot.org', '1959-07-11', 'United States', 2.63, 1, 121.0),
(94, 'Shae', 'Sherborn', 'ssherborn2l@ihg.com', '1929-02-13', 'Portugal', 3.08, 3, 102.0),
(95, 'Arlana', 'Dockwra', 'adockwra2m@slideshare.net', '1995-04-14', 'Azerbaijan', 3.14, 7, 80.0),
(96, 'Matthiew', 'Daniels', 'mdaniels2n@wired.com', '1971-05-13', 'China', 3.73, 2, 84.0),
(97, 'Barty', 'Shere', 'bshere2o@live.com', '1944-12-16', 'China', 2.41, 3, 112.0),
(98, 'Frannie', 'Anthill', 'fanthill2p@storify.com', '1957-10-23', 'South Africa', 2.66, 9, 90.0),
(99, 'Garrek', 'Pedder', 'gpedder2q@miitbeian.gov.cn', '1978-06-04', 'Indonesia', 2.65, 10, 112.0),
(100, 'Alisun', 'Castaner', 'acastaner2r@msn.com', '1923-05-13', 'Indonesia', 2.22, 3, 88.0),
(101, 'Waring', 'Jagoe', 'wjagoe2s@naver.com', '1921-07-29', 'Malaysia', 3.67, 9, 105.0),
(102, 'Bernita', 'Boynton', 'bboynton2t@altervista.org', '1956-07-01', 'Greece', 2.36, 1, 88.0),
(103, 'Shelia', 'Loades', 'sloades2u@reuters.com', '1934-12-26', 'China', 1.77, 8, 128.0),
(104, 'Boris', 'Kentish', 'bkentish2v@tiny.cc', '1948-12-29', 'Indonesia', 3.3, 7, 105.0),
(105, 'Gil', 'Darwood', 'gdarwood2w@sun.com', '1990-01-01', 'Myanmar', 2.97, 12, 111.0),
(106, 'Andie', 'Fawcitt', 'afawcitt2x@pbs.org', '1982-08-11', 'France', 2.67, 10, 117.0),
(107, 'Uta', 'Molineaux', 'umolineaux2y@1und1.de', '1994-10-09', 'Kenya', 2.73, 4, 94.0),
(108, 'Dex', 'Wellard', 'dwellard2z@mashable.com', '1951-04-27', 'Japan', 3.61, 6, 129.0),
(109, 'Natividad', 'Sermin', 'nsermin30@admin.ch', '1962-02-04', 'Russia', 3.9, 10, 109.0),
(110, 'Preston', 'Fossitt', 'pfossitt31@nsw.gov.au', '1989-09-05', 'Mongolia', 1.53, 7, 103.0),
(111, 'Blaine', 'Bullen', 'bbullen32@globo.com', '1940-04-30', 'China', 1.61, 5, 98.0),
(112, 'Charles', 'Gumbley', 'cgumbley33@reverbnation.com', '1933-05-21', 'Russia', 1.9, 4, 93.0),
(113, 'Berkeley', 'Pycock', 'bpycock34@smugmug.com', '1983-11-19', 'Indonesia', 1.58, 7, 90.0),
(114, 'Dacie', 'Elsdon', 'delsdon35@redcross.org', '1943-09-02', 'Ivory Coast', 2.92, 10, 106.0),
(115, 'Garry', 'Capnor', 'gcapnor36@bbc.co.uk', '1983-04-14', 'Indonesia', 1.66, 10, 88.0),
(116, 'Carlita', 'Glen', 'cglen37@youtu.be', '1964-07-10', 'Philippines', 2.19, 3, 129.0),
(117, 'Nathan', 'MacCracken', 'nmaccracken38@gov.uk', '1932-06-24', 'Uzbekistan', 2.18, 9, 88.0),
(118, 'Rosalinde', 'Speight', 'rspeight39@linkedin.com', '1986-09-28', 'Albania', 3.09, 10, 122.0),
(119, 'Barbi', 'Harbor', 'bharbor3a@prnewswire.com', '1927-08-04', 'Norway', 2.69, 6, 100.0),
(120, 'Kippie', 'Chaplyn', 'kchaplyn3b@virginia.edu', '1939-02-24', 'China', 2.15, 8, 122.0),
(121, 'Kaile', 'Defty', 'kdefty3c@hostgator.com', '1991-11-19', 'China', 3.35, 3, 98.0),
(122, 'Ursuline', 'Beneze', 'ubeneze3d@goo.ne.jp', '1997-02-08', 'Russia', 2.45, 12, 95.0),
(123, 'Mariya', 'Beany', 'mbeany3e@icq.com', '1969-10-04', 'Indonesia', 3.22, 10, 120.0),
(124, 'Stacee', 'Godly', 'sgodly3f@indiegogo.com', '1998-03-27', 'Serbia', 3.21, 12, 91.0),
(125, 'Anitra', 'Jeaneau', 'ajeaneau3g@gnu.org', '1951-06-25', 'Poland', 2.81, 7, 94.0),
(126, 'Ewen', 'Pirolini', 'epirolini3h@accuweather.com', '1983-03-24', 'China', 1.68, 11, 80.0),
(127, 'Birch', 'Quiddington', 'bquiddington3i@ebay.co.uk', '1925-10-03', 'Norway', 3.78, 4, 97.0),
(128, 'Katheryn', 'Hugueville', 'khugueville3j@ifeng.com', '1957-07-16', 'Indonesia', 1.51, 7, 128.0),
(129, 'Sileas', 'Meneely', 'smeneely3k@geocities.jp', '1940-09-26', 'Venezuela', 3.6, 1, 104.0),
(130, 'Myrtice', 'Mallord', 'mmallord3l@sina.com.cn', '1940-10-05', 'Sweden', 1.82, 2, 108.0),
(131, 'Jeanne', 'Wildbore', 'jwildbore3m@geocities.jp', '1963-01-24', 'South Africa', 3.63, 10, 116.0),
(132, 'Glyn', 'Willets', 'gwillets3n@uol.com.br', '1931-06-11', 'Russia', 1.64, 8, 81.0),
(133, 'Hayyim', 'Penlington', 'hpenlington3o@ca.gov', '1935-08-06', 'Ukraine', 3.49, 3, 127.0),
(134, 'Calypso', 'Bertwistle', 'cbertwistle3p@chronoengine.com', '1941-06-20', 'Thailand', 3.79, 12, 108.0),
(135, 'Franciskus', 'MacIlwrick', 'fmacilwrick3q@mit.edu', '1997-08-26', 'Brazil', 3.37, 2, 125.0),
(136, 'Kerwin', 'Nibley', 'knibley3r@nydailynews.com', '1964-09-12', 'Czech Republic', 3.1, 7, 87.0),
(137, 'Hubey', 'Denne', 'hdenne3s@amazon.com', '1993-06-11', 'Thailand', 2.05, 3, 107.0),
(138, 'Grissel', 'Ireson', 'gireson3t@wsj.com', '1985-03-04', 'Thailand', 2.23, 5, 84.0),
(139, 'Andee', 'Mynett', 'amynett3u@dmoz.org', '1924-08-22', 'Brazil', 2.38, 3, 111.0),
(140, 'Denyse', 'Campanelle', 'dcampanelle3v@joomla.org', '1962-05-13', 'Croatia', 2.28, 10, 129.0),
(141, 'Carrissa', 'Worsfield', 'cworsfield3w@usnews.com', '1986-01-26', 'Philippines', 2.83, 10, 110.0),
(142, 'Patricia', 'Frizell', 'pfrizell3x@wunderground.com', '1932-04-13', 'Iran', 3.33, 9, 121.0),
(143, 'Agnes', 'Cardello', 'acardello3y@webeden.co.uk', '1946-12-01', 'Japan', 3.06, 4, 119.0),
(144, 'Egon', 'Lyard', 'elyard3z@mysql.com', '1961-11-19', 'Sweden', 2.08, 10, 96.0),
(145, 'Alyda', 'Jime', 'ajime40@upenn.edu', '1987-09-21', 'Sweden', 2.15, 11, 87.0),
(146, 'Rosalinde', 'Bridgstock', 'rbridgstock41@cnn.com', '1920-02-26', 'Netherlands', 3.98, 12, 119.0),
(147, 'Krystle', 'Christer', 'kchrister42@oakley.com', '1992-07-18', 'Portugal', 2.14, 9, 102.0),
(148, 'Shermy', 'Curnok', 'scurnok43@webmd.com', '1955-09-24', 'South Korea', 2.59, 7, 120.0),
(149, 'Tracee', 'Bawle', 'tbawle44@guardian.co.uk', '1921-05-25', 'Russia', 2.89, 4, 123.0),
(150, 'Kitti', 'Albasini', 'kalbasini45@goo.ne.jp', '1990-05-06', 'Netherlands', 3.66, 4, 129.0),
(151, 'Samantha', 'Klishin', 'sklishin46@whitehouse.gov', '1980-10-16', 'Mexico', 4.0, 4, 115.0),
(152, 'Hermy', 'Caddies', 'hcaddies47@wisc.edu', '1988-12-29', 'Peru', 2.57, 10, 80.0),
(153, 'Mathias', 'Ethersey', 'methersey48@forbes.com', '1953-06-23', 'Honduras', 2.75, 4, 111.0),
(154, 'Coriss', 'Cumes', 'ccumes49@nba.com', '1999-06-14', 'Philippines', 1.73, 4, 117.0),
(155, 'Giles', 'Benda', 'gbenda4a@imageshack.us', '1934-06-10', 'Portugal', 2.48, 6, 108.0),
(156, 'Emory', 'Adamiak', 'eadamiak4b@cnn.com', '1944-08-02', 'Italy', 1.89, 4, 108.0),
(157, 'Jilleen', 'McCloud', 'jmccloud4c@blogspot.com', '1977-09-23', 'Argentina', 2.32, 10, 80.0),
(158, 'Sharyl', 'Jumel', 'sjumel4d@ft.com', '1956-06-22', 'China', 2.05, 4, 109.0),
(159, 'Emeline', 'Kindley', 'ekindley4e@constantcontact.com', '1959-12-28', 'China', 3.17, 7, 127.0),
(160, 'Adaline', 'Maher', 'amaher4f@upenn.edu', '1956-01-05', 'Ukraine', 2.32, 12, 96.0),
(161, 'Esdras', 'Leitch', 'eleitch4g@state.gov', '1948-01-09', 'Serbia', 2.25, 12, 118.0),
(162, 'Jaime', 'Bidgood', 'jbidgood4h@ocn.ne.jp', '1934-11-03', 'Palestinian Territory', 3.95, 6, 101.0),
(163, 'Judi', 'Maleck', 'jmaleck4i@ocn.ne.jp', '1987-12-20', 'China', 3.64, 4, 83.0),
(164, 'Dulcia', 'Crosbie', 'dcrosbie4j@eepurl.com', '1956-09-04', 'Sweden', 1.59, 4, 92.0),
(165, 'Tobe', 'Applegate', 'tapplegate4k@unblog.fr', '1963-07-09', 'Indonesia', 1.88, 5, 99.0),
(166, 'Konstantin', 'Pulman', 'kpulman4l@ft.com', '1976-08-27', 'Sweden', 3.74, 5, 119.0),
(167, 'Westley', 'Gaskill', 'wgaskill4m@apache.org', '1927-07-06', 'Indonesia', 3.02, 8, 86.0),
(168, 'Decca', 'Durdan', 'ddurdan4n@printfriendly.com', '1983-09-19', 'China', 2.14, 1, 126.0),
(169, 'Nicholle', 'Bending', 'nbending4o@pcworld.com', '1949-07-31', 'Morocco', 3.18, 12, 110.0),
(170, 'Damita', 'Penas', 'dpenas4p@usatoday.com', '1989-07-29', 'Ukraine', 1.59, 7, 111.0),
(171, 'Harman', 'Harses', 'hharses4q@i2i.jp', '1981-07-29', 'Russia', 3.79, 3, 92.0),
(172, 'Lennard', 'Donisi', 'ldonisi4r@topsy.com', '1996-06-10', 'Croatia', 3.66, 1, 118.0),
(173, 'Chev', 'Bute', 'cbute4s@csmonitor.com', '1925-08-17', 'Portugal', 3.17, 1, 105.0),
(174, 'Korney', 'Tunkin', 'ktunkin4t@infoseek.co.jp', '1950-09-21', 'Philippines', 2.63, 4, 124.0),
(175, 'Kristy', 'Pepall', 'kpepall4u@deliciousdays.com', '1938-08-10', 'Palestinian Territory', 1.65, 8, 86.0),
(176, 'Adams', 'McAree', 'amcaree4v@mlb.com', '1934-12-27', 'China', 1.73, 10, 101.0),
(177, 'Roosevelt', 'Shelton', 'rshelton4w@youtube.com', '1955-05-26', 'Portugal', 1.98, 4, 84.0),
(178, 'Lanette', 'Spight', 'lspight4x@umn.edu', '1949-07-21', 'Argentina', 2.96, 1, 96.0),
(179, 'Briney', 'Sivyour', 'bsivyour4y@usa.gov', '1988-12-24', 'Mexico', 3.52, 8, 88.0),
(180, 'Reyna', 'Zuppa', 'rzuppa4z@wikipedia.org', '1976-02-09', 'Peru', 3.9, 11, 100.0),
(181, 'Deny', 'Jolly', 'djolly50@about.me', '1972-03-18', 'Zimbabwe', 1.63, 10, 95.0),
(182, 'Colet', 'Vittery', 'cvittery51@hibu.com', '1930-06-06', 'Serbia', 3.77, 2, 119.0),
(183, 'Lyn', 'Skoof', 'lskoof52@cdc.gov', '1969-05-29', 'Russia', 3.32, 1, 93.0),
(184, 'Ajay', 'Baroche', 'abaroche53@goo.gl', '1940-07-22', 'Indonesia', 3.26, 6, 100.0),
(185, 'Hersch', 'Brundrett', 'hbrundrett54@yahoo.co.jp', '1961-05-18', 'Portugal', 2.02, 6, 89.0),
(186, 'Codie', 'Higgoe', 'chiggoe55@ca.gov', '1978-05-11', 'Kazakhstan', 2.81, 11, 113.0),
(187, 'Elyssa', 'Knolles-Green', 'eknollesgreen56@addtoany.com', '1993-02-27', 'France', 1.84, 5, 110.0),
(188, 'Jeana', 'Garr', 'jgarr57@parallels.com', '1987-11-03', 'Tanzania', 3.11, 6, 126.0),
(189, 'Mendie', 'Fowley', 'mfowley58@nbcnews.com', '1939-08-03', 'China', 2.86, 5, 105.0),
(190, 'Kirstin', 'Shillingford', 'kshillingford59@etsy.com', '1938-04-02', 'Mexico', 2.57, 1, 117.0),
(191, 'Isa', 'Surgen', 'isurgen5a@yale.edu', '1985-05-17', 'Brazil', 1.79, 9, 126.0),
(192, 'Winny', 'Sugge', 'wsugge5b@ucsd.edu', '1979-10-02', 'China', 1.87, 8, 126.0),
(193, 'Kori', 'Gingel', 'kgingel5c@woothemes.com', '1924-08-24', 'France', 3.24, 8, 121.0),
(194, 'Sutton', 'McMennum', 'smcmennum5d@shutterfly.com', '1944-11-29', 'Panama', 2.46, 4, 128.0),
(195, 'Noell', 'Rappport', 'nrappport5e@ebay.co.uk', '1921-06-02', 'South Korea', 2.41, 12, 98.0),
(196, 'Deloris', 'Cramb', 'dcramb5f@paginegialle.it', '1926-05-03', 'Indonesia', 2.97, 8, 108.0),
(197, 'Cleon', 'Clifforth', 'cclifforth5g@businesswire.com', '1944-10-20', 'Brazil', 2.78, 6, 83.0),
(198, 'Shaylynn', 'Skyrme', 'sskyrme5h@nba.com', '1996-05-20', 'France', 3.49, 7, 116.0),
(199, 'Gerald', 'Dugald', 'gdugald5i@google.com.au', '1986-03-23', 'China', 3.72, 9, 126.0),
(200, 'Lilyan', 'Billin', 'lbillin5j@flickr.com', '1954-06-04', 'China', 3.58, 5, 92.0),
(201, 'Saxe', 'Kubin', 'skubin5k@skype.com', '1946-02-02', 'Peru', 1.93, 7, 129.0),
(202, 'Helli', 'Smalcombe', 'hsmalcombe5l@artisteer.com', '1933-11-22', 'Indonesia', 3.19, 5, 91.0),
(203, 'Teena', 'Old', 'told5m@narod.ru', '1932-11-07', 'China', 3.15, 12, 86.0),
(204, 'Leonhard', 'Ivermee', 'livermee5n@dion.ne.jp', '1949-07-12', 'Indonesia', 1.59, 8, 121.0),
(205, 'Jeffy', 'Echelle', 'jechelle5o@alexa.com', '1934-01-03', 'Russia', 2.06, 11, 94.0),
(206, 'Archer', 'O''Lagen', 'aolagen5p@ameblo.jp', '1980-05-16', 'China', 2.38, 6, 112.0),
(207, 'Orlan', 'Patinkin', 'opatinkin5q@nyu.edu', '1981-07-09', 'Japan', 2.34, 3, 110.0),
(208, 'Bond', 'Mewton', 'bmewton5r@vistaprint.com', '1965-06-17', 'Sweden', 2.88, 9, 121.0),
(209, 'Wanids', 'Kiley', 'wkiley5s@statcounter.com', '1954-10-25', 'Russia', 3.13, 10, 81.0),
(210, 'Kristine', 'Martynov', 'kmartynov5t@goo.ne.jp', '1962-05-31', 'Czech Republic', 1.61, 7, 119.0),
(211, 'Chaddie', 'Pepys', 'cpepys5u@addthis.com', '1923-03-24', 'Malaysia', 3.07, 10, 121.0),
(212, 'Franky', 'Redmond', 'fredmond5v@latimes.com', '1999-01-21', 'Russia', 2.71, 5, 82.0),
(213, 'Marguerite', 'Hillborne', 'mhillborne5w@time.com', '1935-09-18', 'Slovenia', 3.05, 6, 93.0),
(214, 'Ingeborg', 'Wackly', 'iwackly5x@nasa.gov', '1932-03-06', 'Ukraine', 2.52, 12, 128.0),
(215, 'Madison', 'Han', 'mhan5y@nba.com', '1962-08-13', 'Sudan', 3.22, 6, 89.0),
(216, 'Ronda', 'Nanson', 'rnanson5z@myspace.com', '1935-07-21', 'United States', 2.3, 10, 84.0),
(217, 'Brinn', 'Bache', 'bbache60@ow.ly', '1998-06-09', 'China', 2.22, 3, 101.0),
(218, 'Ryann', 'Dymott', 'rdymott61@delicious.com', '1989-11-23', 'Turkmenistan', 2.69, 5, 122.0),
(219, 'Renae', 'Page', 'rpage62@istockphoto.com', '1985-07-31', 'French Guiana', 1.63, 6, 90.0),
(220, 'Marget', 'Defau', 'mdefau63@about.me', '1932-08-15', 'China', 2.93, 2, 85.0),
(221, 'Marita', 'Riditch', 'mriditch64@chronoengine.com', '1975-12-03', 'China', 2.15, 5, 99.0),
(222, 'Khalil', 'Cavilla', 'kcavilla65@google.es', '1987-12-16', 'China', 3.8, 11, 109.0),
(223, 'Chicky', 'McLucas', 'cmclucas66@seattletimes.com', '1991-06-01', 'Sweden', 2.63, 8, 102.0),
(224, 'Leonanie', 'Kiehl', 'lkiehl67@sogou.com', '1947-09-19', 'China', 2.28, 6, 121.0),
(225, 'Kiley', 'Trowbridge', 'ktrowbridge68@yelp.com', '1921-06-19', 'Israel', 3.66, 1, 97.0),
(226, 'Anastasie', 'Goggey', 'agoggey69@thetimes.co.uk', '1986-07-28', 'Poland', 1.56, 10, 88.0),
(227, 'Kristofor', 'Armytage', 'karmytage6a@g.co', '1923-07-20', 'Afghanistan', 3.67, 6, 107.0),
(228, 'Dalston', 'Shatliff', 'dshatliff6b@twitter.com', '1964-06-03', 'China', 1.71, 2, 98.0),
(229, 'Nicolis', 'Garrioch', 'ngarrioch6c@unesco.org', '1983-02-10', 'Canada', 3.07, 4, 104.0),
(230, 'Debbi', 'Renard', 'drenard6d@sphinn.com', '1986-01-17', 'Madagascar', 3.63, 9, 99.0),
(231, 'Quintana', 'Jackson', 'qjackson6e@booking.com', '1921-06-16', 'Philippines', 2.22, 7, 85.0),
(232, 'Alexia', 'Pavlovic', 'apavlovic6f@icio.us', '1951-02-01', 'Honduras', 3.76, 4, 107.0),
(233, 'Gwendolyn', 'De Hoogh', 'gdehoogh6g@blog.com', '1949-02-25', 'Indonesia', 2.62, 11, 87.0),
(234, 'Grata', 'Cossey', 'gcossey6h@hugedomains.com', '1975-04-20', 'Thailand', 1.52, 5, 102.0),
(235, 'Gerardo', 'Cana', 'gcana6i@tinyurl.com', '1940-09-25', 'Russia', 2.45, 9, 93.0),
(236, 'Kelvin', 'Jindrak', 'kjindrak6j@psu.edu', '1924-02-28', 'Greece', 1.52, 10, 82.0),
(237, 'Sidoney', 'Hostan', 'shostan6k@barnesandnoble.com', '1948-06-27', 'Philippines', 2.17, 4, 84.0),
(238, 'Derrek', 'Satchell', 'dsatchell6l@hp.com', '1972-11-20', 'Indonesia', 2.08, 9, 100.0),
(239, 'Colas', 'Limpricht', 'climpricht6m@umn.edu', '1939-06-24', 'Russia', 2.26, 5, 121.0),
(240, 'Gav', 'Antrack', 'gantrack6n@hao123.com', '1927-10-17', 'China', 2.64, 12, 102.0),
(241, 'Adolphus', 'Caney', 'acaney6o@taobao.com', '1982-01-13', 'Chile', 1.62, 6, 122.0),
(242, 'Harrison', 'Sans', 'hsans6p@skype.com', '1991-07-25', 'Philippines', 3.7, 6, 106.0),
(243, 'Rory', 'Broscombe', 'rbroscombe6q@apple.com', '1949-02-25', 'Poland', 2.49, 10, 80.0),
(244, 'Johannah', 'Ormistone', 'jormistone6r@pagesperso-orange.fr', '1986-06-05', 'Greece', 2.29, 5, 118.0),
(245, 'Abraham', 'Brooks', 'abrooks6s@unicef.org', '1996-09-05', 'Indonesia', 3.21, 1, 104.0),
(246, 'Guendolen', 'Job', 'gjob6t@infoseek.co.jp', '1986-12-12', 'Brazil', 3.28, 7, 124.0),
(247, 'Laure', 'Le Estut', 'lleestut6u@360.cn', '1977-01-03', 'Sweden', 2.56, 5, 118.0),
(248, 'Reynold', 'Lucien', 'rlucien6v@wikia.com', '1933-08-18', 'Sweden', 3.63, 3, 103.0),
(249, 'Leona', 'McConnel', 'lmcconnel6w@arizona.edu', '1944-02-04', 'France', 2.0, 2, 88.0),
(250, 'Care', 'Roaf', 'croaf6x@cocolog-nifty.com', '1941-08-08', 'Indonesia', 2.75, 2, 110.0),
(251, 'Lexy', 'Littrick', 'llittrick6y@yelp.com', '1949-12-18', 'Poland', 1.87, 7, 95.0),
(252, 'Carlina', 'Orrill', 'corrill6z@slideshare.net', '1984-09-25', 'Poland', 2.46, 2, 88.0),
(253, 'Eugenius', 'Dayes', 'edayes70@redcross.org', '1952-12-14', 'China', 3.17, 4, 99.0),
(254, 'Clarine', 'Burndred', 'cburndred71@hp.com', '1997-04-18', 'Nigeria', 2.02, 10, 112.0),
(255, 'Carilyn', 'Patesel', 'cpatesel72@netvibes.com', '1952-05-18', 'Brazil', 3.34, 3, 93.0),
(256, 'Claudette', 'Verson', 'cverson73@usgs.gov', '1992-04-26', 'Portugal', 3.56, 12, 118.0),
(257, 'Joe', 'MacLeese', 'jmacleese74@nationalgeographic.com', '1941-10-06', 'Indonesia', 3.22, 10, 102.0),
(258, 'Sallie', 'Flinn', 'sflinn75@patch.com', '1931-12-26', 'Philippines', 1.7, 4, 103.0),
(259, 'Ozzy', 'Brede', 'obrede76@4shared.com', '1942-09-27', 'Philippines', 3.99, 4, 81.0),
(260, 'Sergent', 'Fozard', 'sfozard77@about.com', '1940-03-05', 'Albania', 3.2, 7, 119.0),
(261, 'Cale', 'Yeo', 'cyeo78@ebay.co.uk', '1923-01-28', 'Poland', 3.59, 11, 80.0),
(262, 'Shanon', 'Stears', 'sstears79@mtv.com', '1926-10-12', 'Netherlands', 2.1, 4, 106.0),
(263, 'Kalina', 'Sisey', 'ksisey7a@storify.com', '1927-01-07', 'Nigeria', 2.9, 4, 119.0),
(264, 'Aleksandr', 'Drejer', 'adrejer7b@timesonline.co.uk', '1939-10-20', 'Colombia', 2.47, 3, 117.0),
(265, 'Andie', 'Riseam', 'ariseam7c@nba.com', '1987-02-01', 'Venezuela', 1.65, 12, 93.0),
(266, 'Kim', 'McLaggan', 'kmclaggan7d@amazon.com', '1945-07-18', 'Uganda', 2.58, 7, 108.0),
(267, 'Massimo', 'O''Kane', 'mokane7e@surveymonkey.com', '1978-07-22', 'Philippines', 1.66, 5, 83.0),
(268, 'Adams', 'Rishman', 'arishman7f@1688.com', '1938-02-16', 'Poland', 3.96, 7, 87.0),
(269, 'Charline', 'Outhwaite', 'couthwaite7g@bbb.org', '1968-11-03', 'Palestinian Territory', 1.95, 12, 87.0),
(270, 'Misty', 'Gait', 'mgait7h@huffingtonpost.com', '1996-07-11', 'Austria', 3.65, 1, 129.0),
(271, 'Alford', 'Bonson', 'abonson7i@theatlantic.com', '1969-02-23', 'Indonesia', 1.82, 9, 119.0),
(272, 'Brigitte', 'Doogan', 'bdoogan7j@xing.com', '1978-08-02', 'Russia', 2.72, 8, 91.0),
(273, 'Daniela', 'Davidsohn', 'ddavidsohn7k@hubpages.com', '1991-02-03', 'China', 2.32, 11, 111.0),
(274, 'Celestina', 'Nealon', 'cnealon7l@soundcloud.com', '1975-05-26', 'Russia', 1.72, 8, 112.0),
(275, 'Helge', 'Spurman', 'hspurman7m@smh.com.au', '1945-11-23', 'Russia', 3.84, 2, 116.0),
(276, 'Pamela', 'Strangeway', 'pstrangeway7n@youtu.be', '1941-04-26', 'Portugal', 3.64, 7, 91.0),
(277, 'Fletcher', 'Gummoe', 'fgummoe7o@loc.gov', '1935-04-17', 'France', 3.17, 6, 123.0),
(278, 'Mitzi', 'Davisson', 'mdavisson7p@aol.com', '1939-05-14', 'Russia', 3.21, 6, 119.0),
(279, 'Leanora', 'Aleevy', 'laleevy7q@indiegogo.com', '1933-07-23', 'Indonesia', 3.63, 6, 81.0),
(280, 'Sigvard', 'Shelsher', 'sshelsher7r@dmoz.org', '1947-03-16', 'Cuba', 3.22, 12, 105.0),
(281, 'Carmela', 'Jecock', 'cjecock7s@time.com', '1984-07-09', 'Peru', 2.26, 4, 88.0),
(282, 'Freedman', 'Grayland', 'fgrayland7t@japanpost.jp', '1996-09-10', 'China', 2.63, 2, 106.0),
(283, 'Darrin', 'Flintoff', 'dflintoff7u@adobe.com', '1956-07-01', 'Russia', 2.49, 7, 95.0),
(284, 'Tim', 'Baruch', 'tbaruch7v@tripod.com', '1969-03-21', 'China', 2.89, 9, 119.0),
(285, 'Louise', 'Winskill', 'lwinskill7w@discovery.com', '1926-11-12', 'Albania', 2.51, 6, 119.0),
(286, 'Nelie', 'Klyner', 'nklyner7x@zdnet.com', '1956-09-15', 'Greece', 3.23, 11, 120.0),
(287, 'Mercedes', 'Birckmann', 'mbirckmann7y@google.nl', '1989-04-17', 'Poland', 1.74, 11, 100.0),
(288, 'Natka', 'Tuck', 'ntuck7z@delicious.com', '1935-11-25', 'Latvia', 2.02, 6, 119.0),
(289, 'Andonis', 'Lightoller', 'alightoller80@t-online.de', '1937-01-24', 'Peru', 3.84, 6, 95.0),
(290, 'Celestina', 'Sterrie', 'csterrie81@forbes.com', '1936-01-19', 'China', 3.69, 9, 81.0),
(291, 'Carena', 'Yurenev', 'cyurenev82@cargocollective.com', '1942-03-15', 'Albania', 3.51, 3, 85.0),
(292, 'Tam', 'Geare', 'tgeare83@pagesperso-orange.fr', '1985-11-30', 'Russia', 3.87, 11, 108.0),
(293, 'Therese', 'Derington', 'tderington84@arstechnica.com', '1937-07-28', 'Australia', 3.25, 5, 121.0),
(294, 'Alecia', 'Perrycost', 'aperrycost85@artisteer.com', '1973-12-26', 'Philippines', 3.12, 1, 97.0),
(295, 'Oriana', 'Francesconi', 'ofrancesconi86@sina.com.cn', '1973-05-27', 'Russia', 3.98, 6, 81.0),
(296, 'Perkin', 'Sudron', 'psudron87@baidu.com', '1975-11-15', 'Venezuela', 1.52, 5, 112.0),
(297, 'Kara', 'Bleakman', 'kbleakman88@weibo.com', '1969-04-25', 'France', 2.51, 12, 86.0),
(298, 'Pascale', 'McCurt', 'pmccurt89@deliciousdays.com', '1923-08-10', 'Philippines', 2.55, 1, 103.0),
(299, 'Claude', 'Hartfleet', 'chartfleet8a@hud.gov', '1982-11-11', 'Italy', 1.65, 5, 96.0),
(300, 'Oralee', 'Brumby', 'obrumby8b@marketwatch.com', '1980-05-01', 'China', 3.31, 6, 88.0),
(301, 'Lucky', 'Davis', 'ldavis8c@disqus.com', '1930-04-29', 'Indonesia', 2.86, 12, 126.0),
(302, 'Heida', 'Haddy', 'hhaddy8d@ft.com', '1942-07-02', 'Guatemala', 2.14, 5, 86.0),
(303, 'Gretchen', 'Chatell', 'gchatell8e@elegantthemes.com', '1952-05-05', 'China', 2.77, 1, 118.0),
(304, 'Tomkin', 'Langham', 'tlangham8f@jalbum.net', '1980-05-27', 'Poland', 2.51, 4, 121.0),
(305, 'Katya', 'Thal', 'kthal8g@goo.gl', '1976-06-24', 'Philippines', 3.89, 11, 91.0),
(306, 'Kayle', 'L''Episcopi', 'klepiscopi8h@naver.com', '1985-04-01', 'Indonesia', 3.9, 6, 112.0),
(307, 'Jessie', 'Saile', 'jsaile8i@tinypic.com', '1947-08-29', 'China', 2.11, 11, 85.0),
(308, 'Terrell', 'Medling', 'tmedling8j@skyrock.com', '1987-04-17', 'Philippines', 2.39, 5, 118.0),
(309, 'Nico', 'Broxholme', 'nbroxholme8k@java.com', '1981-03-11', 'Syria', 2.05, 1, 108.0),
(310, 'Ellie', 'Spafford', 'espafford8l@nps.gov', '1999-08-16', 'China', 3.97, 7, 121.0),
(311, 'Jessika', 'Vondrach', 'jvondrach8m@msn.com', '1999-08-04', 'Czech Republic', 1.59, 7, 126.0),
(312, 'Georgena', 'Bednell', 'gbednell8n@wisc.edu', '1958-02-10', 'Philippines', 3.12, 9, 89.0),
(313, 'Karrah', 'Cella', 'kcella8o@cornell.edu', '1950-05-12', 'Netherlands', 2.65, 8, 83.0),
(314, 'Tate', 'Yellep', 'tyellep8p@princeton.edu', '1956-06-27', 'China', 1.63, 5, 111.0),
(315, 'Denis', 'Risebarer', 'drisebarer8q@hhs.gov', '1991-07-21', 'Thailand', 2.27, 5, 103.0),
(316, 'Toni', 'Newland', 'tnewland8r@wunderground.com', '1965-05-26', 'Nigeria', 2.13, 9, 118.0),
(317, 'Drusy', 'Tumber', 'dtumber8s@zdnet.com', '1935-07-06', 'Thailand', 3.96, 1, 88.0),
(318, 'Frederik', 'Exton', 'fexton8t@shinystat.com', '1988-02-27', 'China', 2.06, 10, 127.0),
(319, 'Wylie', 'Peachment', 'wpeachment8u@nytimes.com', '1960-01-07', 'Tanzania', 2.18, 11, 120.0),
(320, 'Terrijo', 'Iwanicki', 'tiwanicki8v@disqus.com', '1946-06-17', 'Philippines', 3.53, 2, 91.0),
(321, 'Genevieve', 'MacKowle', 'gmackowle8w@latimes.com', '1931-09-26', 'China', 2.26, 7, 120.0),
(322, 'Donella', 'Van den Velde', 'dvandenvelde8x@angelfire.com', '1971-03-12', 'Bosnia and Herzegovina', 2.25, 8, 106.0),
(323, 'Jeanelle', 'Field', 'jfield8y@howstuffworks.com', '1948-06-29', 'Mexico', 2.7, 3, 105.0),
(324, 'Lethia', 'Knoles', 'lknoles8z@cbsnews.com', '1964-06-13', 'Indonesia', 3.9, 12, 116.0),
(325, 'Briant', 'Hlavecek', 'bhlavecek90@multiply.com', '1971-01-14', 'Russia', 2.11, 12, 112.0),
(326, 'Dal', 'Benettini', 'dbenettini91@furl.net', '1965-05-03', 'China', 1.75, 1, 97.0),
(327, 'Jabez', 'Blaza', 'jblaza92@mail.ru', '1941-04-14', 'Poland', 3.36, 6, 89.0),
(328, 'Dex', 'Esche', 'desche93@squarespace.com', '1955-09-15', 'Japan', 1.75, 3, 110.0),
(329, 'Lark', 'Insko', 'linsko94@artisteer.com', '1950-09-02', 'Honduras', 2.25, 10, 121.0),
(330, 'Lucius', 'Paddle', 'lpaddle95@wikia.com', '1975-03-28', 'Russia', 2.16, 5, 85.0),
(331, 'Sherri', 'Camilio', 'scamilio96@purevolume.com', '1931-06-27', 'Russia', 2.39, 7, 115.0),
(332, 'Chicky', 'Challin', 'cchallin97@simplemachines.org', '1975-05-07', 'Indonesia', 1.65, 10, 98.0),
(333, 'Shamus', 'Rubinfajn', 'srubinfajn98@eepurl.com', '1961-08-24', 'Finland', 3.7, 11, 112.0),
(334, 'Brandy', 'Tapner', 'btapner99@upenn.edu', '1954-09-04', 'Poland', 3.79, 10, 89.0),
(335, 'Dorthea', 'McQuillin', 'dmcquillin9a@jiathis.com', '1955-06-16', 'Russia', 2.29, 8, 124.0),
(336, 'Hedvige', 'Sargison', 'hsargison9b@spotify.com', '1988-10-08', 'Portugal', 2.14, 9, 95.0),
(337, 'Nikki', 'Aslet', 'naslet9c@mediafire.com', '1972-05-06', 'China', 3.44, 11, 111.0),
(338, 'Julie', 'Gariff', 'jgariff9d@fastcompany.com', '1935-01-17', 'Bulgaria', 3.14, 2, 121.0),
(339, 'Letti', 'Ballance', 'lballance9e@nsw.gov.au', '1992-10-10', 'China', 2.64, 3, 95.0),
(340, 'Maren', 'Gatherer', 'mgatherer9f@soup.io', '1984-04-21', 'Sierra Leone', 1.88, 6, 86.0),
(341, 'Bendicty', 'Sayton', 'bsayton9g@google.it', '1956-01-31', 'China', 2.96, 12, 81.0),
(342, 'Kalli', 'Sowley', 'ksowley9h@slashdot.org', '1936-07-19', 'Morocco', 3.23, 6, 82.0),
(343, 'Lizbeth', 'McCraw', 'lmccraw9i@google.pl', '1938-04-21', 'China', 1.54, 2, 97.0),
(344, 'Malchy', 'Ferrulli', 'mferrulli9j@google.de', '1989-12-12', 'China', 3.44, 5, 124.0),
(345, 'Fair', 'Brosch', 'fbrosch9k@about.me', '1997-02-05', 'China', 1.79, 5, 95.0),
(346, 'Felicle', 'Fairlamb', 'ffairlamb9l@nhs.uk', '1998-12-22', 'Chad', 1.53, 9, 124.0),
(347, 'Kris', 'Sothern', 'ksothern9m@fc2.com', '1943-01-08', 'Thailand', 1.71, 4, 80.0),
(348, 'Lewie', 'Grover', 'lgrover9n@nps.gov', '1961-12-08', 'Poland', 1.95, 7, 122.0),
(349, 'Emlyn', 'Swiers', 'eswiers9o@huffingtonpost.com', '1952-07-23', 'Philippines', 2.39, 7, 128.0),
(350, 'Peggie', 'Carrell', 'pcarrell9p@cbc.ca', '1926-07-20', 'Sweden', 3.5, 12, 116.0),
(351, 'Kattie', 'Saxton', 'ksaxton9q@sciencedaily.com', '1954-01-14', 'Guinea-Bissau', 2.05, 8, 123.0),
(352, 'Alameda', 'Jack', 'ajack9r@ning.com', '1923-11-02', 'Indonesia', 3.27, 12, 92.0),
(353, 'Jordanna', 'O''Loughnan', 'joloughnan9s@earthlink.net', '1975-03-25', 'Russia', 1.67, 2, 111.0),
(354, 'Domini', 'Kivelle', 'dkivelle9t@xrea.com', '1938-09-02', 'China', 2.48, 9, 93.0),
(355, 'Mellisent', 'Hogsden', 'mhogsden9u@webeden.co.uk', '1991-02-15', 'Russia', 3.27, 11, 80.0),
(356, 'Murray', 'Durdan', 'mdurdan9v@columbia.edu', '1946-02-10', 'Poland', 2.5, 4, 83.0),
(357, 'Genny', 'Sockell', 'gsockell9w@tumblr.com', '1967-09-13', 'Poland', 1.59, 10, 128.0),
(358, 'Cale', 'Marriage', 'cmarriage9x@eventbrite.com', '1982-04-04', 'Colombia', 3.23, 5, 127.0),
(359, 'Karissa', 'Parzizek', 'kparzizek9y@slideshare.net', '1965-03-18', 'Russia', 2.28, 9, 112.0),
(360, 'Lyndsey', 'Python', 'lpython9z@diigo.com', '1983-06-12', 'China', 3.58, 3, 113.0),
(361, 'Hallsy', 'Derisley', 'hderisleya0@domainmarket.com', '1943-09-17', 'Philippines', 3.91, 3, 122.0),
(362, 'Tatiania', 'Renac', 'trenaca1@hao123.com', '1939-05-04', 'Philippines', 2.94, 1, 108.0),
(363, 'Had', 'Emanson', 'hemansona2@bbb.org', '1990-11-07', 'Kenya', 3.84, 10, 117.0),
(364, 'Kienan', 'Snowman', 'ksnowmana3@360.cn', '1927-02-05', 'Poland', 2.7, 9, 128.0),
(365, 'Jammal', 'Yetton', 'jyettona4@zdnet.com', '1930-10-02', 'China', 3.66, 5, 115.0),
(366, 'Ava', 'Punt', 'apunta5@epa.gov', '1956-08-17', 'Sweden', 1.84, 4, 108.0),
(367, 'Odille', 'Filippo', 'ofilippoa6@unicef.org', '1933-07-10', 'Mexico', 1.97, 1, 89.0),
(368, 'Rickie', 'Petyakov', 'rpetyakova7@xing.com', '1948-06-02', 'Indonesia', 3.07, 4, 84.0),
(369, 'Nicky', 'Zanicchi', 'nzanicchia8@shinystat.com', '1960-08-27', 'Indonesia', 3.26, 8, 109.0),
(370, 'Thain', 'Doram', 'tdorama9@va.gov', '1936-03-23', 'Sweden', 2.67, 12, 105.0),
(371, 'Gasparo', 'Corbett', 'gcorbettaa@cmu.edu', '1926-07-30', 'Cuba', 3.75, 4, 88.0),
(372, 'Bren', 'Vellender', 'bvellenderab@storify.com', '1962-07-29', 'Brazil', 1.67, 2, 91.0),
(373, 'Chelsae', 'Bohler', 'cbohlerac@wikispaces.com', '1996-03-14', 'France', 1.72, 9, 82.0),
(374, 'Wendie', 'Eadmead', 'weadmeadad@stanford.edu', '1971-08-07', 'Comoros', 1.84, 6, 97.0),
(375, 'Janeva', 'Everil', 'jeverilae@bloglines.com', '1942-05-14', 'Indonesia', 3.83, 3, 85.0),
(376, 'Conan', 'Gregoli', 'cgregoliaf@alexa.com', '1994-05-10', 'Indonesia', 3.29, 7, 91.0),
(377, 'Linnie', 'Melpuss', 'lmelpussag@redcross.org', '1952-03-13', 'China', 3.23, 4, 125.0),
(378, 'Cyb', 'Durbridge', 'cdurbridgeah@dyndns.org', '1984-03-07', 'Indonesia', 1.91, 9, 116.0),
(379, 'Corney', 'Coetzee', 'ccoetzeeai@spotify.com', '1954-10-31', 'China', 2.97, 3, 103.0),
(380, 'Ricoriki', 'Dregan', 'rdreganaj@de.vu', '1953-08-29', 'Mexico', 1.67, 8, 82.0),
(381, 'Rand', 'Risbie', 'rrisbieak@deliciousdays.com', '1924-07-23', 'Argentina', 1.64, 5, 105.0),
(382, 'Atlanta', 'Poulsom', 'apoulsomal@fotki.com', '1968-11-24', 'Argentina', 2.92, 2, 83.0),
(383, 'Cherri', 'McCrea', 'cmccreaam@weebly.com', '1966-04-19', 'Philippines', 2.47, 4, 127.0),
(384, 'Jedidiah', 'Beazer', 'jbeazeran@biblegateway.com', '1962-04-15', 'China', 1.56, 4, 86.0),
(385, 'Gothart', 'Barreau', 'gbarreauao@shareasale.com', '1949-12-13', 'China', 2.35, 3, 100.0),
(386, 'Sol', 'Woollard', 'swoollardap@utexas.edu', '1924-10-09', 'Cameroon', 3.88, 3, 106.0),
(387, 'Umberto', 'Teggart', 'uteggartaq@reference.com', '1965-12-09', 'China', 2.52, 6, 124.0),
(388, 'Lorianne', 'Annett', 'lannettar@mapy.cz', '1946-12-09', 'Sweden', 2.64, 4, 82.0),
(389, 'Xerxes', 'Wildgoose', 'xwildgooseas@nih.gov', '1989-05-15', 'New Zealand', 3.82, 2, 122.0),
(390, 'Mallorie', 'Saunton', 'msauntonat@nationalgeographic.com', '1928-04-22', 'Poland', 2.58, 10, 106.0),
(391, 'Aleksandr', 'Sargerson', 'asargersonau@gmpg.org', '1930-10-04', 'Democratic Republic of the Congo', 1.99, 4, 124.0),
(392, 'Delmer', 'Ianilli', 'dianilliav@shutterfly.com', '1987-10-15', 'Japan', 1.93, 1, 110.0),
(393, 'Lindsey', 'Tingly', 'ltinglyaw@freewebs.com', '1981-04-18', 'Egypt', 3.62, 4, 102.0),
(394, 'Concordia', 'Wipper', 'cwipperax@businesswire.com', '1977-01-04', 'Germany', 2.44, 5, 116.0),
(395, 'Tomkin', 'Hagergham', 'thagerghamay@bluehost.com', '1992-06-29', 'Philippines', 3.92, 12, 110.0),
(396, 'Alla', 'Ranson', 'aransonaz@cbsnews.com', '1988-04-20', 'Sweden', 2.42, 10, 117.0),
(397, 'Bertha', 'Wontner', 'bwontnerb0@bloomberg.com', '1932-03-24', 'Indonesia', 3.25, 12, 120.0),
(398, 'Alexandrina', 'Ellingham', 'aellinghamb1@naver.com', '1930-04-06', 'Brazil', 2.21, 2, 120.0),
(399, 'Jackqueline', 'MacGorrie', 'jmacgorrieb2@exblog.jp', '1985-04-02', 'Bulgaria', 1.86, 11, 107.0),
(400, 'Carlynn', 'Snowsill', 'csnowsillb3@mayoclinic.com', '1986-03-26', 'Malta', 3.71, 5, 111.0),
(401, 'Anabelle', 'Jancik', 'ajancikb4@redcross.org', '1972-06-04', 'Poland', 3.13, 12, 102.0),
(402, 'Gideon', 'Marden', 'gmardenb5@icq.com', '1934-04-05', 'Japan', 3.1, 4, 93.0),
(403, 'Lyndsay', 'Fredi', 'lfredib6@phpbb.com', '1936-03-24', 'Portugal', 3.27, 1, 123.0),
(404, 'Dulcy', 'Treslove', 'dtresloveb7@walmart.com', '1983-06-11', 'Peru', 3.44, 3, 104.0),
(405, 'Felix', 'Sach', 'fsachb8@ihg.com', '1995-02-15', 'Portugal', 3.91, 4, 117.0),
(406, 'Brennen', 'Dronsfield', 'bdronsfieldb9@ucla.edu', '1948-08-08', 'Brazil', 1.95, 3, 97.0),
(407, 'Harwell', 'Minker', 'hminkerba@creativecommons.org', '1958-08-06', 'Ivory Coast', 3.64, 10, 102.0),
(408, 'Staford', 'Corbould', 'scorbouldbb@shutterfly.com', '1974-02-19', 'Philippines', 3.17, 8, 86.0),
(409, 'Bertram', 'Scotchmor', 'bscotchmorbc@plala.or.jp', '1984-05-09', 'Argentina', 1.85, 6, 113.0),
(410, 'Fonsie', 'Connue', 'fconnuebd@simplemachines.org', '1939-12-12', 'Indonesia', 2.66, 6, 128.0),
(411, 'Winifield', 'Grubb', 'wgrubbbe@clickbank.net', '1957-12-16', 'Russia', 2.44, 10, 91.0),
(412, 'Christophe', 'Nibley', 'cnibleybf@vinaora.com', '1937-01-05', 'Philippines', 3.98, 11, 114.0),
(413, 'Shannen', 'Scruton', 'sscrutonbg@privacy.gov.au', '1928-04-21', 'Russia', 1.56, 11, 126.0),
(414, 'Amelie', 'Hainey`', 'ahaineybh@sbwire.com', '1995-07-02', 'China', 2.37, 7, 128.0),
(415, 'Kimmie', 'Pink', 'kpinkbi@gmpg.org', '1989-08-08', 'Canada', 2.48, 3, 105.0),
(416, 'Karmen', 'Mossdale', 'kmossdalebj@icq.com', '1958-03-15', 'Colombia', 1.67, 12, 82.0),
(417, 'Marie', 'McLeman', 'mmclemanbk@samsung.com', '1956-02-13', 'Mexico', 2.19, 11, 127.0),
(418, 'Adrianne', 'Rounsivall', 'arounsivallbl@newyorker.com', '1956-10-26', 'Libya', 3.95, 2, 122.0),
(419, 'Norris', 'Benedicte', 'nbenedictebm@opensource.org', '1994-04-11', 'Russia', 2.4, 7, 109.0),
(420, 'Harvey', 'Benedyktowicz', 'hbenedyktowiczbn@dyndns.org', '1974-01-09', 'China', 2.61, 2, 106.0),
(421, 'Angil', 'Reubens', 'areubensbo@mapquest.com', '1937-10-03', 'France', 2.11, 11, 87.0),
(422, 'Vannie', 'Avrasin', 'vavrasinbp@github.io', '1931-08-08', 'Czech Republic', 2.64, 11, 107.0),
(423, 'Minnnie', 'Portsmouth', 'mportsmouthbq@netvibes.com', '1997-11-10', 'Philippines', 2.88, 2, 82.0),
(424, 'Hesther', 'Wolfers', 'hwolfersbr@wp.com', '1941-04-02', 'Russia', 3.75, 12, 104.0),
(425, 'Natal', 'Jedrys', 'njedrysbs@over-blog.com', '1963-10-06', 'Philippines', 3.05, 9, 120.0),
(426, 'Micheil', 'Goodbourn', 'mgoodbournbt@hugedomains.com', '1926-04-05', 'Russia', 2.98, 3, 112.0),
(427, 'Whitman', 'Heathwood', 'wheathwoodbu@devhub.com', '1944-10-05', 'Portugal', 3.75, 5, 129.0),
(428, 'Halsey', 'Klehn', 'hklehnbv@state.tx.us', '1926-02-15', 'Vietnam', 1.55, 9, 105.0),
(429, 'Phoebe', 'McKinless', 'pmckinlessbw@amazon.co.uk', '1933-02-19', 'France', 1.88, 2, 92.0),
(430, 'Quint', 'Richardin', 'qrichardinbx@barnesandnoble.com', '1976-02-15', 'Brazil', 1.82, 11, 122.0),
(431, 'Savina', 'Papes', 'spapesby@phpbb.com', '1939-11-06', 'China', 1.6, 4, 106.0),
(432, 'Collen', 'Laverack', 'claverackbz@chicagotribune.com', '1987-12-22', 'Kenya', 2.63, 9, 112.0),
(433, 'Agnese', 'Isenor', 'aisenorc0@amazon.com', '1930-02-26', 'Indonesia', 2.83, 11, 100.0),
(434, 'Laird', 'Harm', 'lharmc1@google.co.jp', '1937-06-10', 'Malawi', 3.12, 6, 96.0),
(435, 'Bibbie', 'Ropert', 'bropertc2@soup.io', '1975-08-23', 'China', 2.45, 1, 96.0),
(436, 'Lanny', 'Belitz', 'lbelitzc3@indiegogo.com', '1994-02-26', 'Venezuela', 3.46, 3, 93.0),
(437, 'Wyndham', 'Rouse', 'wrousec4@odnoklassniki.ru', '1921-07-17', 'New Zealand', 3.34, 9, 107.0),
(438, 'Fedora', 'Farndon', 'ffarndonc5@craigslist.org', '1953-08-28', 'Venezuela', 2.95, 9, 96.0),
(439, 'Doll', 'Hubbis', 'dhubbisc6@soundcloud.com', '1923-11-19', 'India', 2.7, 2, 114.0),
(440, 'Brod', 'Gherarducci', 'bgherarduccic7@mozilla.com', '1949-03-29', 'Nepal', 3.38, 11, 102.0),
(441, 'Alfy', 'MacAloren', 'amacalorenc8@discovery.com', '1922-07-14', 'Nigeria', 1.55, 12, 89.0),
(442, 'Kevyn', 'Mitchener', 'kmitchenerc9@fotki.com', '1930-10-21', 'Brazil', 1.58, 12, 104.0),
(443, 'Hakeem', 'Akeherst', 'hakeherstca@4shared.com', '1990-03-03', 'Philippines', 1.63, 3, 116.0),
(444, 'Brinna', 'Paine', 'bpainecb@mit.edu', '1972-11-02', 'Indonesia', 2.97, 10, 107.0),
(445, 'Delcina', 'Conisbee', 'dconisbeecc@google.de', '1981-11-06', 'China', 2.89, 11, 124.0),
(446, 'Mela', 'Remirez', 'mremirezcd@marketwatch.com', '1963-03-24', 'Indonesia', 2.11, 8, 119.0),
(447, 'Booth', 'Waghorn', 'bwaghornce@blog.com', '1940-10-12', 'China', 3.74, 12, 87.0),
(448, 'Barr', 'Dagnall', 'bdagnallcf@seesaa.net', '1990-03-10', 'Brazil', 1.94, 4, 110.0),
(449, 'Domini', 'Boundley', 'dboundleycg@fema.gov', '1926-04-08', 'Indonesia', 3.18, 6, 116.0),
(450, 'Jackson', 'Fintoph', 'jfintophch@feedburner.com', '1942-03-31', 'Indonesia', 1.53, 9, 108.0),
(451, 'Renault', 'Keggin', 'rkegginci@ucla.edu', '1986-09-16', 'Mauritius', 2.73, 3, 94.0),
(452, 'Suellen', 'Ford', 'sfordcj@google.com.hk', '1921-06-29', 'Sweden', 2.55, 5, 123.0),
(453, 'Gwennie', 'Pert', 'gpertck@cam.ac.uk', '1986-06-30', 'Uganda', 1.96, 8, 83.0),
(454, 'Gloriana', 'Jinkins', 'gjinkinscl@earthlink.net', '1991-04-20', 'Indonesia', 1.8, 11, 102.0),
(455, 'Flory', 'Cornelissen', 'fcornelissencm@devhub.com', '1962-02-25', 'Brazil', 3.18, 12, 114.0),
(456, 'Norrie', 'Hriinchenko', 'nhriinchenkocn@sohu.com', '1962-12-21', 'China', 3.68, 2, 92.0),
(457, 'Eachelle', 'Wheldon', 'ewheldonco@about.com', '1935-10-15', 'China', 2.75, 8, 107.0),
(458, 'Vittorio', 'Maybery', 'vmayberycp@fema.gov', '1993-02-14', 'China', 2.27, 4, 92.0),
(459, 'Wallie', 'Adnett', 'wadnettcq@mozilla.com', '1946-06-29', 'Yemen', 3.68, 11, 86.0),
(460, 'Willdon', 'Copello', 'wcopellocr@wordpress.org', '1926-02-12', 'Russia', 1.54, 2, 113.0),
(461, 'Ezra', 'Artharg', 'earthargcs@hexun.com', '1920-09-22', 'New Zealand', 2.82, 6, 112.0),
(462, 'Matti', 'Lawry', 'mlawryct@addtoany.com', '1966-08-26', 'Poland', 3.85, 9, 97.0),
(463, 'Leeann', 'Happel', 'lhappelcu@marriott.com', '1934-06-17', 'China', 2.59, 5, 108.0),
(464, 'Petronille', 'Meffin', 'pmeffincv@surveymonkey.com', '1963-03-17', 'Japan', 2.09, 9, 105.0),
(465, 'Antonetta', 'Debow', 'adebowcw@ucoz.ru', '1944-05-26', 'China', 3.9, 3, 110.0),
(466, 'Merill', 'Kingswoode', 'mkingswoodecx@google.de', '1922-05-19', 'China', 1.95, 7, 87.0),
(467, 'Catie', 'Garn', 'cgarncy@vinaora.com', '1927-12-07', 'Mexico', 3.91, 5, 128.0),
(468, 'Kial', 'Kinchin', 'kkinchincz@ted.com', '1992-08-31', 'Ukraine', 2.03, 5, 98.0),
(469, 'Teador', 'Pietrzyk', 'tpietrzykd0@rediff.com', '1920-07-08', 'Greece', 2.41, 10, 92.0),
(470, 'Amandie', 'Gosker', 'agoskerd1@weibo.com', '1937-05-16', 'Sweden', 2.97, 10, 112.0),
(471, 'Hinze', 'Larderot', 'hlarderotd2@ebay.co.uk', '1988-11-15', 'Nigeria', 3.63, 2, 116.0),
(472, 'Issiah', 'Coltman', 'icoltmand3@canalblog.com', '1926-11-23', 'Uruguay', 1.61, 12, 90.0),
(473, 'Delmar', 'Tanzig', 'dtanzigd4@bigcartel.com', '1967-07-12', 'Portugal', 2.68, 5, 125.0),
(474, 'Caril', 'Easom', 'ceasomd5@symantec.com', '1920-01-05', 'Hungary', 3.87, 6, 102.0),
(475, 'Cordie', 'Raddan', 'craddand6@samsung.com', '1979-07-28', 'Taiwan', 3.25, 4, 95.0),
(476, 'Hamil', 'Edgcumbe', 'hedgcumbed7@privacy.gov.au', '1939-07-02', 'China', 2.65, 3, 111.0),
(477, 'Paulie', 'Gut', 'pgutd8@dion.ne.jp', '1961-07-03', 'China', 2.91, 1, 94.0),
(478, 'Chet', 'Fearns', 'cfearnsd9@macromedia.com', '1954-02-25', 'Netherlands', 3.13, 9, 88.0),
(479, 'Jobie', 'Aukland', 'jauklandda@vimeo.com', '1936-11-29', 'Portugal', 2.81, 5, 116.0),
(480, 'Kattie', 'Bulluck', 'kbulluckdb@yolasite.com', '1986-01-05', 'Portugal', 2.97, 6, 127.0),
(481, 'Mariya', 'O''Kieran', 'mokierandc@networkadvertising.org', '1925-09-30', 'Albania', 2.24, 2, 81.0),
(482, 'Albrecht', 'Keets', 'akeetsdd@tuttocitta.it', '1972-02-11', 'Canada', 3.09, 10, 88.0),
(483, 'Freemon', 'Bridle', 'fbridlede@gizmodo.com', '1969-08-05', 'Indonesia', 1.72, 9, 103.0),
(484, 'Kenna', 'Scholl', 'kscholldf@house.gov', '1953-09-12', 'China', 2.77, 11, 95.0),
(485, 'Stefa', 'Barrowcliff', 'sbarrowcliffdg@hc360.com', '1999-10-24', 'China', 3.26, 7, 127.0),
(486, 'Candis', 'Harbertson', 'charbertsondh@whitehouse.gov', '1927-08-27', 'Portugal', 3.75, 10, 84.0),
(487, 'Prudi', 'Uden', 'pudendi@yahoo.co.jp', '1981-01-16', 'Philippines', 3.92, 8, 99.0),
(488, 'Ward', 'June', 'wjunedj@tamu.edu', '1962-12-15', 'Croatia', 3.34, 6, 95.0),
(489, 'Nicolai', 'Lonnon', 'nlonnondk@xing.com', '1974-11-03', 'Croatia', 1.63, 8, 81.0),
(490, 'Silvia', 'Castle', 'scastledl@hud.gov', '1985-06-26', 'Brazil', 3.54, 8, 128.0),
(491, 'Tuesday', 'Begg', 'tbeggdm@twitpic.com', '1949-08-13', 'United States', 2.83, 11, 104.0),
(492, 'Judith', 'Heinke', 'jheinkedn@symantec.com', '1999-09-06', 'China', 2.56, 6, 113.0),
(493, 'Fee', 'Emptage', 'femptagedo@about.me', '1923-12-31', 'Brazil', 3.35, 6, 90.0),
(494, 'Pandora', 'Kilduff', 'pkilduffdp@ocn.ne.jp', '1941-08-15', 'Serbia', 1.78, 5, 115.0),
(495, 'Dyna', 'McKeeman', 'dmckeemandq@netscape.com', '1920-06-29', 'Portugal', 3.3, 9, 127.0),
(496, 'Dar', 'Salan', 'dsalandr@yandex.ru', '1939-05-03', 'United Kingdom', 1.79, 10, 123.0),
(497, 'Marlowe', 'Audiss', 'maudissds@symantec.com', '1984-11-27', 'Albania', 2.39, 6, 95.0),
(498, 'Simone', 'Heinonen', 'sheinonendt@wikispaces.com', '1959-07-22', 'Poland', 2.87, 6, 109.0),
(499, 'Crissy', 'Donke', 'cdonkedu@sciencedaily.com', '1955-02-15', 'Philippines', 1.74, 6, 103.0),
(500, 'Felicle', 'Leek', 'fleekdv@xrea.com', '1976-01-10', 'Iran', 2.58, 6, 127.0),
(501, 'Berton', 'Huddart', 'bhuddartdw@google.com', '1960-09-17', 'Belarus', 2.01, 8, 110.0),
(502, 'Bradney', 'Mallindine', 'bmallindinedx@tuttocitta.it', '1965-11-26', 'Portugal', 3.16, 8, 121.0),
(503, 'Carla', 'Laidlow', 'claidlowdy@squidoo.com', '1945-03-29', 'China', 3.81, 5, 115.0),
(504, 'Coralyn', 'Revans', 'crevansdz@networksolutions.com', '1969-12-26', 'Japan', 1.95, 3, 121.0),
(505, 'Eddie', 'Berre', 'eberree0@mtv.com', '1959-05-05', 'Central African Republic', 2.29, 10, 125.0),
(506, 'Penny', 'Pennetti', 'ppennettie1@ed.gov', '1951-04-23', 'Bangladesh', 1.99, 7, 127.0),
(507, 'Merrilee', 'Tipton', 'mtiptone2@opera.com', '1980-03-08', 'Guatemala', 2.61, 3, 119.0),
(508, 'Cairistiona', 'Jewson', 'cjewsone3@fda.gov', '1972-01-30', 'Palestinian Territory', 3.88, 5, 90.0),
(509, 'Aloysia', 'O''Flaverty', 'aoflavertye4@jalbum.net', '1965-05-05', 'Mongolia', 2.82, 2, 81.0),
(510, 'Alexina', 'Martinho', 'amartinhoe5@surveymonkey.com', '1994-09-20', 'Malaysia', 2.23, 10, 91.0),
(511, 'Allie', 'Chasney', 'achasneye6@google.cn', '1940-01-28', 'New Zealand', 2.67, 9, 110.0),
(512, 'Joyan', 'Grigore', 'jgrigoree7@networksolutions.com', '1958-04-23', 'Thailand', 2.98, 6, 94.0),
(513, 'Cherey', 'Darrigrand', 'cdarrigrande8@unc.edu', '1977-06-19', 'Canada', 2.91, 8, 117.0),
(514, 'Angeline', 'Tamburo', 'atamburoe9@ask.com', '1957-09-08', 'China', 3.59, 2, 82.0),
(515, 'Salvidor', 'Overall', 'soverallea@amazon.com', '1928-06-15', 'Brazil', 2.71, 2, 117.0),
(516, 'Benni', 'Vasin', 'bvasineb@smh.com.au', '1993-09-23', 'Cameroon', 2.88, 2, 112.0),
(517, 'Geraldine', 'St Angel', 'gstangelec@oakley.com', '1931-08-16', 'Philippines', 3.36, 2, 85.0),
(518, 'Adeline', 'Fischer', 'afischered@mail.ru', '1936-03-26', 'Ecuador', 3.52, 2, 114.0),
(519, 'Barclay', 'Wheble', 'bwhebleee@tripadvisor.com', '1929-03-01', 'Slovenia', 1.94, 2, 125.0),
(520, 'Ibby', 'Chorlton', 'ichorltonef@cdc.gov', '1977-08-31', 'Japan', 2.87, 9, 83.0),
(521, 'Archy', 'Driscoll', 'adriscolleg@dedecms.com', '1984-02-04', 'Guatemala', 2.53, 10, 108.0),
(522, 'Pietrek', 'Volcker', 'pvolckereh@slideshare.net', '1946-01-28', 'Czech Republic', 2.99, 2, 113.0),
(523, 'Anatollo', 'Shorrock', 'ashorrockei@psu.edu', '1965-06-30', 'Mexico', 1.76, 10, 80.0),
(524, 'Aigneis', 'Pedrol', 'apedrolej@go.com', '1990-05-08', 'Indonesia', 2.76, 10, 123.0),
(525, 'Morley', 'Musla', 'mmuslaek@icq.com', '1959-04-02', 'Philippines', 2.24, 6, 118.0),
(526, 'Charity', 'Gauford', 'cgaufordel@feedburner.com', '1986-12-18', 'Russia', 1.73, 8, 93.0),
(527, 'Thurston', 'Gagin', 'tgaginem@google.es', '1936-09-27', 'Mali', 3.01, 2, 96.0),
(528, 'Marieann', 'Culshaw', 'mculshawen@google.pl', '1939-08-18', 'Canada', 1.7, 4, 105.0),
(529, 'Kathrine', 'Glancy', 'kglancyeo@uol.com.br', '1920-12-15', 'Venezuela', 2.7, 2, 111.0),
(530, 'Rozele', 'Samett', 'rsamettep@furl.net', '1971-06-27', 'Philippines', 2.38, 5, 126.0),
(531, 'Natty', 'Winney', 'nwinneyeq@hao123.com', '1998-11-17', 'China', 3.52, 8, 129.0),
(532, 'Tabitha', 'Tatlowe', 'ttatloweer@cocolog-nifty.com', '1927-08-18', 'Mayotte', 3.17, 8, 106.0),
(533, 'Dorice', 'Scryne', 'dscrynees@ustream.tv', '1977-08-16', 'China', 1.5, 9, 129.0),
(534, 'Cammi', 'Blaylock', 'cblaylocket@marriott.com', '1966-01-31', 'Afghanistan', 2.1, 4, 98.0),
(535, 'Kellia', 'Basnett', 'kbasnetteu@wisc.edu', '1959-10-12', 'Yemen', 2.89, 4, 83.0),
(536, 'Ruperto', 'Thomasset', 'rthomassetev@paginegialle.it', '1998-06-07', 'United States', 1.7, 8, 112.0),
(537, 'Simone', 'Hatchett', 'shatchettew@printfriendly.com', '1948-04-24', 'Chile', 1.63, 3, 124.0),
(538, 'Caz', 'Medeway', 'cmedewayex@ezinearticles.com', '1974-02-28', 'United Kingdom', 2.42, 4, 119.0),
(539, 'Martino', 'Weetch', 'mweetchey@chicagotribune.com', '1977-01-08', 'Iran', 3.42, 9, 101.0),
(540, 'Edie', 'Sawkins', 'esawkinsez@blogger.com', '1933-02-02', 'Indonesia', 3.69, 7, 84.0),
(541, 'Celesta', 'Ramplee', 'crampleef0@telegraph.co.uk', '1972-08-11', 'Indonesia', 1.74, 1, 82.0),
(542, 'Mandel', 'Avrashin', 'mavrashinf1@google.co.uk', '1962-10-31', 'Brazil', 1.98, 9, 117.0),
(543, 'Rona', 'Spincks', 'rspincksf2@mac.com', '1947-08-26', 'Panama', 3.65, 8, 113.0),
(544, 'Bonnee', 'Olivetti', 'bolivettif3@squidoo.com', '1968-04-23', 'Canada', 3.71, 8, 95.0),
(545, 'Maggee', 'Andriuzzi', 'mandriuzzif4@friendfeed.com', '1975-12-14', 'Indonesia', 2.73, 5, 88.0),
(546, 'Peg', 'Cobain', 'pcobainf5@nps.gov', '1986-11-21', 'Indonesia', 2.22, 5, 111.0),
(547, 'Lester', 'Heikkinen', 'lheikkinenf6@cpanel.net', '1996-09-30', 'Indonesia', 3.95, 1, 82.0),
(548, 'Gualterio', 'Grace', 'ggracef7@toplist.cz', '1937-05-30', 'Indonesia', 2.07, 3, 86.0),
(549, 'Wilburt', 'Schneidau', 'wschneidauf8@springer.com', '1959-07-25', 'China', 1.6, 11, 108.0),
(550, 'Isabelle', 'Ipsley', 'iipsleyf9@goodreads.com', '1967-05-12', 'Indonesia', 3.03, 3, 117.0),
(551, 'Goldy', 'Burgiss', 'gburgissfa@yandex.ru', '1973-12-25', 'China', 2.86, 3, 121.0),
(552, 'Matteo', 'Tyres', 'mtyresfb@jugem.jp', '1994-06-22', 'China', 3.85, 12, 116.0),
(553, 'Lothaire', 'Rapinett', 'lrapinettfc@altervista.org', '1921-10-02', 'Central African Republic', 2.45, 6, 121.0),
(554, 'Danny', 'Lambregts', 'dlambregtsfd@bloglines.com', '1945-11-01', 'South Korea', 1.54, 9, 82.0),
(555, 'Florida', 'Joutapavicius', 'fjoutapaviciusfe@wunderground.com', '1937-08-20', 'China', 3.45, 7, 128.0),
(556, 'Justin', 'Adamo', 'jadamoff@shinystat.com', '1942-12-20', 'China', 3.89, 10, 107.0),
(557, 'Gabriella', 'Mc Pake', 'gmcpakefg@webnode.com', '1935-06-29', 'Ireland', 1.92, 5, 106.0),
(558, 'Lancelot', 'Kik', 'lkikfh@virginia.edu', '1940-10-19', 'Honduras', 2.19, 9, 98.0),
(559, 'Kassia', 'McMurrugh', 'kmcmurrughfi@jimdo.com', '1946-07-17', 'Philippines', 1.89, 12, 114.0),
(560, 'Pennie', 'Mallebone', 'pmallebonefj@1und1.de', '1978-01-22', 'China', 2.53, 4, 117.0),
(561, 'Peterus', 'Pover', 'ppoverfk@google.com.br', '1986-04-29', 'Poland', 3.7, 8, 128.0),
(562, 'Adara', 'Wiseman', 'awisemanfl@google.de', '1926-02-03', 'Cyprus', 2.09, 6, 125.0),
(563, 'Eal', 'Vagges', 'evaggesfm@hao123.com', '1923-10-28', 'Dominican Republic', 1.9, 1, 81.0),
(564, 'Faythe', 'Haggart', 'fhaggartfn@privacy.gov.au', '1927-07-26', 'Brazil', 3.4, 5, 125.0),
(565, 'Mabel', 'Fusco', 'mfuscofo@meetup.com', '1988-03-28', 'Sweden', 2.31, 2, 112.0),
(566, 'Vinny', 'Vickers', 'vvickersfp@posterous.com', '1934-10-12', 'Honduras', 1.62, 3, 123.0),
(567, 'Berry', 'Braxton', 'bbraxtonfq@ovh.net', '1960-10-03', 'France', 3.41, 12, 106.0),
(568, 'Anya', 'Jozaitis', 'ajozaitisfr@washingtonpost.com', '1951-02-25', 'Poland', 2.13, 7, 119.0),
(569, 'Noni', 'Helian', 'nhelianfs@jiathis.com', '1927-04-06', 'Ukraine', 2.21, 4, 126.0),
(570, 'Grover', 'O''Hederscoll', 'gohederscollft@usnews.com', '1947-11-08', 'China', 1.88, 8, 115.0),
(571, 'Heath', 'MacAlpyne', 'hmacalpynefu@taobao.com', '1957-05-10', 'Guatemala', 3.61, 10, 120.0),
(572, 'Pail', 'Jakubski', 'pjakubskifv@cisco.com', '1947-02-25', 'China', 2.37, 10, 93.0),
(573, 'Nikki', 'McBrier', 'nmcbrierfw@artisteer.com', '1928-04-21', 'Poland', 2.78, 9, 127.0),
(574, 'Chev', 'Fussey', 'cfusseyfx@wufoo.com', '1944-10-09', 'Indonesia', 1.67, 10, 104.0),
(575, 'Alvin', 'Defrain', 'adefrainfy@issuu.com', '1952-09-01', 'Philippines', 2.52, 11, 102.0),
(576, 'Dael', 'Simonutti', 'dsimonuttifz@examiner.com', '1937-01-21', 'Germany', 3.01, 11, 120.0),
(577, 'Hanny', 'Darrington', 'hdarringtong0@123-reg.co.uk', '1971-08-21', 'China', 2.47, 12, 110.0),
(578, 'Faulkner', 'Paten', 'fpateng1@intel.com', '1927-03-25', 'Indonesia', 3.77, 8, 111.0),
(579, 'Moria', 'Boeck', 'mboeckg2@yellowbook.com', '1939-10-16', 'Indonesia', 2.2, 4, 104.0),
(580, 'Mallory', 'Joscelin', 'mjosceling3@soundcloud.com', '1931-12-02', 'Japan', 2.74, 12, 82.0),
(581, 'Cacilia', 'Antonowicz', 'cantonowiczg4@t.co', '1926-06-07', 'Philippines', 1.96, 2, 86.0),
(582, 'Panchito', 'Kunrad', 'pkunradg5@sogou.com', '1985-12-29', 'Indonesia', 3.49, 5, 89.0),
(583, 'Heloise', 'Dunsford', 'hdunsfordg6@unc.edu', '1964-08-30', 'China', 1.66, 2, 109.0),
(584, 'Dillon', 'Farrah', 'dfarrahg7@msu.edu', '1942-01-15', 'El Salvador', 1.66, 1, 114.0),
(585, 'Matthew', 'Beaufoy', 'mbeaufoyg8@ucsd.edu', '1939-05-15', 'Russia', 2.21, 10, 91.0),
(586, 'Arlana', 'Fredson', 'afredsong9@youtube.com', '1994-12-18', 'Poland', 2.16, 10, 124.0),
(587, 'Verna', 'Jurries', 'vjurriesga@meetup.com', '1951-01-13', 'Russia', 2.47, 11, 121.0),
(588, 'Consuelo', 'Dooher', 'cdoohergb@utexas.edu', '1973-09-02', 'Sri Lanka', 2.12, 10, 116.0),
(589, 'Ekaterina', 'Goade', 'egoadegc@trellian.com', '1966-12-25', 'Portugal', 3.04, 10, 88.0),
(590, 'Melosa', 'Dreinan', 'mdreinangd@acquirethisname.com', '1967-04-15', 'China', 1.64, 5, 126.0),
(591, 'Vittoria', 'Bruff', 'vbruffge@comcast.net', '1978-09-04', 'Russia', 3.12, 3, 97.0),
(592, 'Ruthie', 'Mabbe', 'rmabbegf@drupal.org', '1968-05-14', 'Brazil', 2.07, 4, 87.0),
(593, 'Kali', 'Gieraths', 'kgierathsgg@vk.com', '1986-02-27', 'Armenia', 2.59, 5, 105.0),
(594, 'Dunstan', 'Marvelley', 'dmarvelleygh@zdnet.com', '1955-05-29', 'Mongolia', 3.77, 2, 110.0),
(595, 'Gavin', 'Gabb', 'ggabbgi@gnu.org', '1999-11-22', 'Haiti', 3.69, 4, 127.0),
(596, 'Fayina', 'Wagenen', 'fwagenengj@huffingtonpost.com', '1965-02-01', 'Philippines', 1.84, 1, 113.0),
(597, 'Penny', 'Wagge', 'pwaggegk@imageshack.us', '1961-06-29', 'China', 2.02, 7, 102.0),
(598, 'Jacki', 'Paxforde', 'jpaxfordegl@biglobe.ne.jp', '1976-03-23', 'Portugal', 2.73, 4, 113.0),
(599, 'Bunny', 'Yedall', 'byedallgm@blogs.com', '1930-02-14', 'Indonesia', 3.85, 3, 86.0),
(600, 'Dionis', 'Anglim', 'danglimgn@hibu.com', '1994-10-18', 'Tanzania', 3.27, 11, 93.0),
(601, 'Caty', 'Agirre', 'cagirrego@jalbum.net', '1973-12-21', 'Moldova', 3.28, 2, 120.0),
(602, 'Mercedes', 'Yatman', 'myatmangp@vkontakte.ru', '1975-04-17', 'Russia', 3.37, 2, 90.0),
(603, 'Brandea', 'Fosdick', 'bfosdickgq@china.com.cn', '1959-04-08', 'Panama', 3.49, 1, 129.0),
(604, 'Griswold', 'Grewar', 'ggrewargr@joomla.org', '1983-07-07', 'Latvia', 3.67, 1, 93.0),
(605, 'Lucius', 'Pury', 'lpurygs@dailymotion.com', '1952-09-27', 'Canada', 2.42, 8, 85.0),
(606, 'Fin', 'Jakoub', 'fjakoubgt@chron.com', '1960-04-22', 'Brazil', 2.97, 12, 83.0),
(607, 'Hermione', 'Puddefoot', 'hpuddefootgu@stanford.edu', '1972-10-02', 'Indonesia', 2.52, 7, 121.0),
(608, 'Gilli', 'Clampe', 'gclampegv@mapy.cz', '1973-01-09', 'Argentina', 2.15, 11, 128.0),
(609, 'Hilary', 'Valenta', 'hvalentagw@slate.com', '1950-08-13', 'Brazil', 3.3, 3, 129.0),
(610, 'Rafe', 'Rudolph', 'rrudolphgx@amazon.de', '1996-04-24', 'Philippines', 3.65, 10, 82.0),
(611, 'Johnath', 'Landrick', 'jlandrickgy@hc360.com', '1957-09-16', 'France', 2.06, 8, 109.0),
(612, 'Cobb', 'Ballston', 'cballstongz@lycos.com', '1977-04-26', 'Russia', 3.42, 9, 125.0),
(613, 'Jenn', 'Potkins', 'jpotkinsh0@slashdot.org', '1984-01-12', 'Luxembourg', 1.96, 4, 87.0),
(614, 'Boigie', 'Milton-White', 'bmiltonwhiteh1@canalblog.com', '1954-12-13', 'Bahrain', 3.92, 5, 107.0),
(615, 'Marquita', 'Feckey', 'mfeckeyh2@cbc.ca', '1983-10-17', 'United States', 2.72, 2, 113.0),
(616, 'Harmony', 'Chamberlaine', 'hchamberlaineh3@pagesperso-orange.fr', '1934-12-11', 'Indonesia', 1.87, 10, 99.0),
(617, 'Wilden', 'Bohden', 'wbohdenh4@weather.com', '1921-05-03', 'Brazil', 1.91, 3, 118.0),
(618, 'Diane', 'Barcroft', 'dbarcrofth5@rediff.com', '1983-01-25', 'Indonesia', 1.97, 3, 126.0),
(619, 'Elisabeth', 'Songest', 'esongesth6@trellian.com', '1926-11-01', 'Poland', 2.78, 8, 116.0),
(620, 'Gertrud', 'Butting', 'gbuttingh7@si.edu', '1941-01-03', 'China', 2.14, 8, 95.0),
(621, 'Esta', 'Paulack', 'epaulackh8@photobucket.com', '1930-09-09', 'China', 3.62, 5, 100.0),
(622, 'Wadsworth', 'Josselsohn', 'wjosselsohnh9@icio.us', '1930-04-14', 'Ukraine', 2.65, 7, 109.0),
(623, 'Lyon', 'Derricoat', 'lderricoatha@1688.com', '1927-04-13', 'Brazil', 3.36, 12, 93.0),
(624, 'Dusty', 'Mc Combe', 'dmccombehb@freewebs.com', '1993-05-12', 'Indonesia', 3.97, 7, 90.0),
(625, 'Teodoor', 'Faldoe', 'tfaldoehc@tamu.edu', '1965-10-11', 'Indonesia', 3.16, 9, 126.0),
(626, 'Sonny', 'Stait', 'sstaithd@friendfeed.com', '1982-07-21', 'Venezuela', 2.65, 4, 96.0),
(627, 'Barnabe', 'Keel', 'bkeelhe@sfgate.com', '1979-07-12', 'Dominican Republic', 2.68, 5, 125.0),
(628, 'Nicholas', 'Ondra', 'nondrahf@paypal.com', '1963-10-25', 'China', 3.87, 12, 128.0),
(629, 'Alwyn', 'Kunath', 'akunathhg@cnet.com', '1989-02-16', 'Iran', 3.77, 7, 128.0),
(630, 'Lorry', 'Pote', 'lpotehh@mtv.com', '1939-03-13', 'Russia', 3.64, 1, 118.0),
(631, 'Gracie', 'Rime', 'grimehi@hexun.com', '1924-07-04', 'Italy', 3.95, 11, 86.0),
(632, 'Powell', 'Barrass', 'pbarrasshj@samsung.com', '1973-06-13', 'Equatorial Guinea', 2.61, 8, 124.0),
(633, 'Myles', 'Ochterlony', 'mochterlonyhk@chicagotribune.com', '1939-07-12', 'Mali', 2.52, 6, 92.0),
(634, 'Murry', 'Baines', 'mbaineshl@alibaba.com', '1987-07-17', 'Canada', 3.4, 8, 87.0),
(635, 'Sapphire', 'Burwin', 'sburwinhm@phpbb.com', '1983-08-05', 'France', 3.57, 8, 103.0),
(636, 'Bette-ann', 'Sotworth', 'bsotworthhn@oracle.com', '1925-09-15', 'Denmark', 2.71, 9, 108.0),
(637, 'Jacinthe', 'Jocelyn', 'jjocelynho@jugem.jp', '1996-02-18', 'Russia', 2.95, 9, 94.0),
(638, 'Greg', 'Hindshaw', 'ghindshawhp@wufoo.com', '1947-08-20', 'Croatia', 2.12, 11, 119.0),
(639, 'Lara', 'Waplinton', 'lwaplintonhq@google.fr', '1965-08-15', 'Palestinian Territory', 2.84, 12, 120.0),
(640, 'Astrid', 'Tanswell', 'atanswellhr@bloglines.com', '1920-01-30', 'Philippines', 3.54, 5, 97.0),
(641, 'Ric', 'Jojic', 'rjojichs@statcounter.com', '1926-10-29', 'Uganda', 3.29, 10, 89.0),
(642, 'Clevey', 'Yerrell', 'cyerrellht@trellian.com', '1949-07-25', 'Brazil', 2.21, 3, 89.0),
(643, 'Giana', 'Mackiewicz', 'gmackiewiczhu@scientificamerican.com', '1942-02-06', 'China', 2.83, 11, 89.0),
(644, 'Colleen', 'Eschalette', 'ceschalettehv@theguardian.com', '1983-01-01', 'Indonesia', 2.76, 8, 126.0),
(645, 'Caresa', 'Birth', 'cbirthhw@goodreads.com', '1921-05-25', 'China', 3.61, 5, 120.0),
(646, 'Obediah', 'Twamley', 'otwamleyhx@epa.gov', '1949-08-14', 'China', 2.2, 12, 101.0),
(647, 'Eadie', 'Vinsen', 'evinsenhy@list-manage.com', '1922-10-25', 'Belarus', 2.14, 12, 96.0),
(648, 'Coraline', 'Eathorne', 'ceathornehz@amazonaws.com', '1951-07-09', 'Russia', 2.55, 5, 122.0),
(649, 'Clair', 'Skingley', 'cskingleyi0@elpais.com', '1964-09-15', 'Brazil', 2.34, 3, 114.0),
(650, 'Bernete', 'Law', 'blawi1@wisc.edu', '1991-02-23', 'Portugal', 2.22, 5, 85.0),
(651, 'Kym', 'MacCall', 'kmaccalli2@oaic.gov.au', '1966-02-02', 'Sweden', 3.33, 1, 129.0),
(652, 'Bonni', 'Arrundale', 'barrundalei3@cbslocal.com', '1948-05-29', 'France', 3.53, 4, 129.0),
(653, 'Dannel', 'Coen', 'dcoeni4@t.co', '1982-05-17', 'China', 1.66, 3, 103.0),
(654, 'Leigha', 'Paggitt', 'lpaggitti5@economist.com', '1943-06-20', 'Finland', 2.79, 2, 86.0),
(655, 'Nickolaus', 'Axleby', 'naxlebyi6@army.mil', '1970-10-06', 'Iran', 3.7, 1, 112.0),
(656, 'Roselin', 'Revely', 'rrevelyi7@latimes.com', '1934-09-30', 'Argentina', 3.5, 8, 101.0),
(657, 'Mariska', 'Steere', 'msteerei8@timesonline.co.uk', '1992-11-21', 'Argentina', 3.86, 9, 93.0),
(658, 'Deloris', 'Antoshin', 'dantoshini9@squidoo.com', '1970-07-11', 'Niger', 1.74, 10, 128.0),
(659, 'Clari', 'Loughlan', 'cloughlania@addtoany.com', '1971-05-30', 'Netherlands', 2.32, 12, 107.0),
(660, 'Una', 'Elderbrant', 'uelderbrantib@youtu.be', '1966-08-21', 'Portugal', 2.42, 12, 80.0),
(661, 'Ora', 'Dungate', 'odungateic@liveinternet.ru', '1989-03-05', 'Macedonia', 2.77, 12, 81.0),
(662, 'Kimball', 'McRinn', 'kmcrinnid@is.gd', '1998-06-11', 'Japan', 3.2, 5, 99.0),
(663, 'Federico', 'Hawlgarth', 'fhawlgarthie@pbs.org', '1975-12-20', 'Kyrgyzstan', 3.12, 6, 106.0),
(664, 'Kane', 'Jennens', 'kjennensif@miibeian.gov.cn', '1953-02-15', 'China', 2.13, 8, 93.0),
(665, 'Maddi', 'Kenrat', 'mkenratig@xinhuanet.com', '1949-09-17', 'Thailand', 1.9, 4, 129.0),
(666, 'Jard', 'Tonry', 'jtonryih@harvard.edu', '1975-07-28', 'Sweden', 2.1, 6, 90.0),
(667, 'Zenia', 'Allnatt', 'zallnattii@mapquest.com', '1938-02-23', 'Russia', 2.85, 7, 98.0),
(668, 'Junie', 'Childes', 'jchildesij@google.it', '1943-07-13', 'Portugal', 3.5, 5, 96.0),
(669, 'Clyve', 'Duddy', 'cduddyik@twitpic.com', '1921-05-13', 'China', 3.07, 10, 86.0),
(670, 'Martina', 'Jurzyk', 'mjurzykil@sourceforge.net', '1987-03-14', 'Sweden', 1.88, 7, 126.0),
(671, 'Yasmin', 'Banyard', 'ybanyardim@1688.com', '1953-04-21', 'Ukraine', 2.55, 6, 82.0),
(672, 'Alejandro', 'Bossom', 'abossomin@vkontakte.ru', '1940-12-31', 'Indonesia', 2.96, 3, 90.0),
(673, 'Tracey', 'Gauld', 'tgauldio@hugedomains.com', '1954-10-25', 'Canada', 2.46, 11, 81.0),
(674, 'Marne', 'Vaskov', 'mvaskovip@slate.com', '1991-02-15', 'Indonesia', 1.7, 5, 117.0),
(675, 'Adeline', 'Shorto', 'ashortoiq@skyrock.com', '1984-09-08', 'Indonesia', 3.8, 4, 120.0),
(676, 'Mommy', 'Dunnico', 'mdunnicoir@domainmarket.com', '1920-05-17', 'Albania', 3.19, 10, 101.0),
(677, 'Camellia', 'Sloley', 'csloleyis@arizona.edu', '1933-06-08', 'China', 2.69, 7, 86.0),
(678, 'Mercie', 'Salmen', 'msalmenit@qq.com', '1990-10-03', 'Swaziland', 3.53, 10, 96.0),
(679, 'Anna', 'Forre', 'aforreiu@artisteer.com', '1931-03-25', 'Ukraine', 1.81, 10, 101.0),
(680, 'Gwen', 'Coast', 'gcoastiv@123-reg.co.uk', '1995-04-14', 'Indonesia', 3.52, 12, 103.0),
(681, 'Clemente', 'Barfitt', 'cbarfittiw@photobucket.com', '1964-05-12', 'Indonesia', 2.06, 6, 128.0),
(682, 'Bernarr', 'Holliar', 'bholliarix@oakley.com', '1967-06-24', 'Greece', 3.5, 4, 99.0),
(683, 'Renell', 'Andrasch', 'randraschiy@economist.com', '1940-09-13', 'Philippines', 2.03, 6, 128.0),
(684, 'Earlie', 'Statefield', 'estatefieldiz@reference.com', '1931-10-29', 'Mozambique', 2.24, 8, 88.0),
(685, 'Rori', 'Loftus', 'rloftusj0@indiatimes.com', '1940-02-05', 'Tunisia', 1.89, 11, 122.0),
(686, 'Godiva', 'Egdell', 'gegdellj1@harvard.edu', '1930-04-21', 'Russia', 3.53, 7, 121.0),
(687, 'Tawsha', 'De Francesco', 'tdefrancescoj2@economist.com', '1990-09-14', 'Trinidad and Tobago', 2.9, 2, 129.0),
(688, 'Yoshi', 'Grigoriscu', 'ygrigoriscuj3@printfriendly.com', '1929-07-05', 'Indonesia', 1.62, 7, 84.0),
(689, 'Germaine', 'Bernadot', 'gbernadotj4@icio.us', '1927-03-13', 'Mexico', 3.23, 7, 84.0),
(690, 'Susanetta', 'Daviot', 'sdaviotj5@illinois.edu', '1945-10-31', 'Peru', 1.66, 4, 93.0),
(691, 'Yelena', 'Hawe', 'yhawej6@is.gd', '1960-07-21', 'Sweden', 2.12, 6, 98.0),
(692, 'Lambert', 'Bridger', 'lbridgerj7@linkedin.com', '1999-11-08', 'China', 2.86, 4, 84.0),
(693, 'See', 'Geffcock', 'sgeffcockj8@tamu.edu', '1955-08-20', 'Russia', 3.69, 1, 108.0),
(694, 'Addy', 'Easeman', 'aeasemanj9@bizjournals.com', '1965-07-11', 'Thailand', 1.65, 5, 113.0),
(695, 'Noelyn', 'Parnby', 'nparnbyja@imgur.com', '1920-05-29', 'Zimbabwe', 2.68, 9, 99.0),
(696, 'Glendon', 'Pallent', 'gpallentjb@xrea.com', '1921-03-22', 'Germany', 1.85, 5, 105.0),
(697, 'Broderick', 'Niles', 'bnilesjc@stanford.edu', '1985-02-06', 'Russia', 3.52, 11, 115.0),
(698, 'Noemi', 'Marle', 'nmarlejd@networksolutions.com', '1951-10-23', 'China', 3.1, 12, 109.0),
(699, 'Sheila', 'Liebrecht', 'sliebrechtje@ihg.com', '1921-11-27', 'Vietnam', 3.13, 9, 88.0),
(700, 'Rennie', 'Chesnut', 'rchesnutjf@go.com', '1931-10-09', 'United States', 3.63, 3, 127.0),
(701, 'Jared', 'Matiasek', 'jmatiasekjg@si.edu', '1986-02-21', 'Vietnam', 2.12, 5, 80.0),
(702, 'Louisa', 'Weins', 'lweinsjh@miibeian.gov.cn', '1987-07-16', 'Russia', 2.06, 12, 123.0),
(703, 'Glyn', 'Hebblewaite', 'ghebblewaiteji@geocities.com', '1958-02-16', 'China', 3.19, 1, 113.0),
(704, 'Cesya', 'MacFaul', 'cmacfauljj@mozilla.com', '1920-03-18', 'Germany', 2.97, 9, 90.0),
(705, 'Lita', 'Haydon', 'lhaydonjk@digg.com', '1948-11-10', 'Lebanon', 3.8, 8, 127.0),
(706, 'Lynnett', 'Folkes', 'lfolkesjl@ifeng.com', '1978-10-20', 'Greece', 2.49, 7, 125.0),
(707, 'Renado', 'Crocker', 'rcrockerjm@bigcartel.com', '1962-11-05', 'Bolivia', 3.71, 1, 120.0),
(708, 'Margaux', 'Strangeway', 'mstrangewayjn@guardian.co.uk', '1941-12-07', 'Peru', 3.77, 7, 119.0),
(709, 'Ingram', 'Shiel', 'ishieljo@disqus.com', '1970-08-25', 'Portugal', 3.57, 5, 104.0),
(710, 'Edin', 'Chasney', 'echasneyjp@zimbio.com', '1954-08-19', 'Indonesia', 3.26, 3, 114.0),
(711, 'Delmar', 'Kilfeder', 'dkilfederjq@youtube.com', '1966-06-06', 'Brazil', 3.88, 5, 125.0),
(712, 'Elinore', 'Giorio', 'egioriojr@opensource.org', '1990-02-05', 'Iran', 2.26, 6, 81.0),
(713, 'Bee', 'Bodycote', 'bbodycotejs@yahoo.com', '1934-03-01', 'Poland', 1.87, 3, 114.0),
(714, 'Yanaton', 'Burdfield', 'yburdfieldjt@hibu.com', '1998-06-26', 'Poland', 2.01, 3, 99.0),
(715, 'Allyson', 'Rizzardini', 'arizzardiniju@aol.com', '1989-04-11', 'Venezuela', 3.78, 1, 89.0),
(716, 'Edi', 'Crosswaite', 'ecrosswaitejv@furl.net', '1991-09-15', 'China', 1.59, 6, 93.0),
(717, 'Eli', 'McGriffin', 'emcgriffinjw@wikia.com', '1942-05-14', 'Poland', 3.51, 12, 86.0),
(718, 'Mamie', 'Ginman', 'mginmanjx@alexa.com', '1934-02-03', 'Colombia', 3.35, 12, 107.0),
(719, 'Billie', 'Munday', 'bmundayjy@yelp.com', '1923-05-18', 'Thailand', 3.98, 5, 116.0),
(720, 'Opalina', 'Mart', 'omartjz@ehow.com', '1957-02-26', 'Russia', 1.68, 3, 105.0),
(721, 'Kitti', 'Udey', 'kudeyk0@barnesandnoble.com', '1930-12-29', 'Sweden', 2.96, 8, 87.0),
(722, 'Hyacinthie', 'Ollie', 'holliek1@example.com', '1999-08-14', 'China', 3.35, 8, 94.0),
(723, 'Gerrilee', 'Dishmon', 'gdishmonk2@princeton.edu', '1921-11-14', 'China', 1.7, 10, 129.0),
(724, 'Percival', 'Batch', 'pbatchk3@omniture.com', '1932-09-17', 'China', 3.49, 9, 80.0),
(725, 'Tammie', 'Khomich', 'tkhomichk4@house.gov', '1935-02-03', 'Japan', 3.77, 1, 123.0),
(726, 'Jacklin', 'O'' Timony', 'jotimonyk5@sohu.com', '1961-10-26', 'Latvia', 2.98, 4, 92.0),
(727, 'Jecho', 'Sedgman', 'jsedgmank6@posterous.com', '1956-06-25', 'Nicaragua', 1.56, 10, 103.0),
(728, 'Lory', 'Gouldeby', 'lgouldebyk7@admin.ch', '1923-12-08', 'Brazil', 2.83, 3, 103.0),
(729, 'Sibyl', 'Wetherburn', 'swetherburnk8@technorati.com', '1970-12-10', 'United States', 3.07, 6, 87.0),
(730, 'Adamo', 'Cocks', 'acocksk9@blogs.com', '1971-07-05', 'China', 2.78, 3, 128.0),
(731, 'Chrystel', 'McDarmid', 'cmcdarmidka@guardian.co.uk', '1952-10-31', 'Russia', 2.85, 6, 111.0),
(732, 'Jory', 'Pordal', 'jpordalkb@twitter.com', '1936-10-11', 'China', 2.7, 12, 124.0),
(733, 'Linn', 'Sharple', 'lsharplekc@amazonaws.com', '1952-03-22', 'Norway', 2.69, 8, 108.0),
(734, 'Alyssa', 'Floyed', 'afloyedkd@freewebs.com', '1979-06-28', 'Ukraine', 3.95, 9, 114.0),
(735, 'Chandler', 'McIlvaney', 'cmcilvaneyke@jalbum.net', '1996-09-04', 'Philippines', 1.91, 8, 98.0),
(736, 'Gayleen', 'Jozwicki', 'gjozwickikf@cloudflare.com', '1984-11-28', 'Palestinian Territory', 2.23, 6, 105.0),
(737, 'Celene', 'Joysey', 'cjoyseykg@delicious.com', '1933-08-02', 'Poland', 2.7, 12, 111.0),
(738, 'Farly', 'Filipczynski', 'ffilipczynskikh@yellowpages.com', '1980-02-05', 'New Zealand', 3.54, 4, 127.0),
(739, 'Audry', 'Gypps', 'agyppski@storify.com', '1997-11-27', 'Canada', 3.89, 2, 92.0),
(740, 'Robbyn', 'Wreford', 'rwrefordkj@shareasale.com', '1962-04-07', 'Reunion', 3.74, 4, 90.0),
(741, 'Erika', 'Podd', 'epoddkk@amazon.co.uk', '1972-11-26', 'Poland', 1.52, 5, 91.0),
(742, 'Heidi', 'Jean', 'hjeankl@wunderground.com', '1954-07-16', 'Solomon Islands', 1.67, 6, 88.0),
(743, 'Sam', 'Vonasek', 'svonasekkm@bigcartel.com', '1988-03-11', 'China', 2.5, 3, 85.0),
(744, 'Dietrich', 'Marjanski', 'dmarjanskikn@symantec.com', '1943-06-15', 'Sweden', 2.68, 5, 121.0),
(745, 'Kassia', 'Tregenza', 'ktregenzako@rediff.com', '1960-09-22', 'China', 3.83, 8, 106.0),
(746, 'Dode', 'Damiral', 'ddamiralkp@google.ca', '1940-07-04', 'Portugal', 1.8, 4, 100.0),
(747, 'Ealasaid', 'Lockhurst', 'elockhurstkq@slate.com', '1994-09-05', 'Thailand', 3.93, 12, 119.0),
(748, 'Desmund', 'Gotecliffe', 'dgotecliffekr@ycombinator.com', '1997-07-05', 'Indonesia', 2.43, 9, 104.0),
(749, 'Daffy', 'Quick', 'dquickks@printfriendly.com', '1961-09-16', 'China', 2.88, 7, 96.0),
(750, 'Rafaelita', 'Eriksson', 'rerikssonkt@tinyurl.com', '1956-01-12', 'Indonesia', 1.96, 8, 80.0),
(751, 'Godfry', 'Calverley', 'gcalverleyku@shinystat.com', '1989-11-26', 'Indonesia', 1.9, 10, 125.0),
(752, 'Fanny', 'Crouch', 'fcrouchkv@webs.com', '1962-03-07', 'Brazil', 1.66, 10, 85.0),
(753, 'Roderic', 'Charke', 'rcharkekw@qq.com', '1981-08-12', 'Spain', 3.74, 5, 100.0),
(754, 'Ynes', 'Cheers', 'ycheerskx@histats.com', '1946-03-01', 'Ukraine', 1.89, 7, 109.0),
(755, 'Ethelbert', 'Dockwra', 'edockwraky@github.io', '1937-06-14', 'Netherlands', 3.2, 6, 103.0),
(756, 'Bo', 'Vokins', 'bvokinskz@pcworld.com', '1972-04-28', 'Mexico', 3.54, 2, 83.0),
(757, 'Tom', 'Lodge', 'tlodgel0@hao123.com', '1970-04-04', 'Nepal', 2.08, 1, 84.0),
(758, 'Charmaine', 'Pinock', 'cpinockl1@statcounter.com', '1957-07-18', 'Russia', 3.52, 4, 89.0),
(759, 'Lucie', 'Poynser', 'lpoynserl2@fastcompany.com', '1990-05-04', 'Bahrain', 3.85, 8, 97.0),
(760, 'Helsa', 'Lyons', 'hlyonsl3@posterous.com', '1973-05-13', 'Thailand', 1.59, 8, 82.0),
(761, 'Karon', 'Claye', 'kclayel4@miitbeian.gov.cn', '1953-09-25', 'Indonesia', 3.71, 11, 91.0),
(762, 'Lisle', 'Hazel', 'lhazell5@npr.org', '1979-08-04', 'Zimbabwe', 3.96, 1, 96.0),
(763, 'Rosmunda', 'Pashler', 'rpashlerl6@usatoday.com', '1965-03-24', 'Angola', 1.57, 3, 118.0),
(764, 'Orv', 'Rarity', 'orarityl7@yelp.com', '1964-06-16', 'Greece', 2.15, 8, 88.0),
(765, 'Sterne', 'Coulthart', 'scoulthartl8@yelp.com', '1922-04-22', 'Mexico', 3.77, 4, 116.0),
(766, 'Rosy', 'Neilan', 'rneilanl9@epa.gov', '1994-09-03', 'Indonesia', 2.08, 3, 126.0),
(767, 'Filmore', 'Mell', 'fmellla@linkedin.com', '1966-11-22', 'China', 3.66, 2, 108.0),
(768, 'Normie', 'Blowfelde', 'nblowfeldelb@weather.com', '1942-09-24', 'France', 3.81, 2, 84.0),
(769, 'Dorthea', 'Fetter', 'dfetterlc@webmd.com', '1952-05-08', 'Peru', 2.97, 7, 104.0),
(770, 'Billie', 'Morrison', 'bmorrisonld@springer.com', '1939-09-09', 'Portugal', 3.01, 10, 120.0),
(771, 'Dannie', 'Ternault', 'dternaultle@google.com', '1930-05-18', 'China', 2.84, 5, 115.0),
(772, 'Trixi', 'Toderbrugge', 'ttoderbruggelf@webs.com', '1930-09-10', 'Russia', 1.9, 4, 95.0),
(773, 'Bernie', 'Jeffes', 'bjeffeslg@etsy.com', '1957-10-11', 'Indonesia', 2.22, 7, 107.0),
(774, 'Karlan', 'Scanlan', 'kscanlanlh@xing.com', '1998-11-01', 'Pakistan', 1.61, 9, 93.0),
(775, 'Pebrook', 'Johnson', 'pjohnsonli@privacy.gov.au', '1976-02-26', 'Mexico', 2.92, 6, 125.0),
(776, 'Myranda', 'Gommowe', 'mgommowelj@gizmodo.com', '1949-10-21', 'Czech Republic', 2.7, 7, 96.0),
(777, 'Christal', 'Goymer', 'cgoymerlk@indiatimes.com', '1973-10-09', 'Peru', 3.01, 10, 100.0),
(778, 'Rosana', 'Quesne', 'rquesnell@storify.com', '1935-03-17', 'China', 3.53, 9, 82.0),
(779, 'Hetty', 'Halvorsen', 'hhalvorsenlm@jigsy.com', '1949-01-23', 'Philippines', 3.01, 1, 124.0),
(780, 'Lucinda', 'Scoone', 'lscooneln@ebay.com', '1970-01-27', 'China', 2.6, 3, 126.0),
(781, 'Caddric', 'Alkins', 'calkinslo@spotify.com', '1928-10-18', 'Indonesia', 2.79, 11, 89.0),
(782, 'Rolph', 'Wyldish', 'rwyldishlp@globo.com', '1945-06-19', 'Ukraine', 2.18, 3, 93.0),
(783, 'Estell', 'Fincken', 'efinckenlq@free.fr', '1970-11-08', 'Poland', 3.71, 8, 102.0),
(784, 'Garret', 'Kenyam', 'gkenyamlr@lycos.com', '1952-04-02', 'Philippines', 2.88, 7, 127.0),
(785, 'Mendie', 'McWhan', 'mmcwhanls@businessinsider.com', '1985-01-26', 'Pakistan', 1.88, 8, 81.0),
(786, 'Rorie', 'Scotchmoor', 'rscotchmoorlt@hexun.com', '1921-06-21', 'Czech Republic', 2.59, 6, 111.0),
(787, 'Eula', 'Danher', 'edanherlu@php.net', '1995-09-18', 'Bulgaria', 2.09, 12, 101.0),
(788, 'Priscilla', 'Ibbitson', 'pibbitsonlv@blogs.com', '1992-10-06', 'France', 2.46, 1, 88.0),
(789, 'Harriett', 'Schaben', 'hschabenlw@webeden.co.uk', '1975-03-10', 'Brazil', 2.89, 6, 126.0),
(790, 'Randene', 'Whitley', 'rwhitleylx@wp.com', '1958-07-05', 'Nigeria', 2.74, 2, 110.0),
(791, 'Normie', 'Simoes', 'nsimoesly@last.fm', '1952-02-01', 'Peru', 3.56, 2, 123.0),
(792, 'Neville', 'Roffe', 'nroffelz@blogspot.com', '1929-12-09', 'Gambia', 3.07, 2, 86.0),
(793, 'Dermot', 'Trosdall', 'dtrosdallm0@twitter.com', '1939-03-01', 'Estonia', 1.53, 4, 102.0),
(794, 'Zaneta', 'McTurk', 'zmcturkm1@discuz.net', '1930-10-05', 'Croatia', 3.34, 1, 83.0),
(795, 'Davis', 'Cron', 'dcronm2@imdb.com', '1995-09-03', 'Vietnam', 2.2, 2, 122.0),
(796, 'Rey', 'Willison', 'rwillisonm3@prlog.org', '1979-10-15', 'China', 3.37, 1, 97.0),
(797, 'Timmy', 'Mahmood', 'tmahmoodm4@gravatar.com', '1949-11-22', 'Russia', 3.67, 7, 118.0),
(798, 'Katha', 'Terne', 'kternem5@salon.com', '1984-01-07', 'China', 3.49, 4, 96.0),
(799, 'Cale', 'Erwin', 'cerwinm6@uol.com.br', '1927-09-13', 'Russia', 3.13, 2, 104.0),
(800, 'Gabriellia', 'Wickling', 'gwicklingm7@youtube.com', '1931-06-08', 'Poland', 3.13, 12, 106.0),
(801, 'Reg', 'Perl', 'rperlm8@google.fr', '1999-04-03', 'Thailand', 3.97, 3, 125.0),
(802, 'Doralia', 'Nickels', 'dnickelsm9@accuweather.com', '1969-08-02', 'Pakistan', 2.95, 11, 122.0),
(803, 'Saxon', 'Mixer', 'smixerma@qq.com', '1946-04-27', 'Costa Rica', 3.32, 2, 118.0),
(804, 'Elisa', 'Swigger', 'eswiggermb@ox.ac.uk', '1984-06-24', 'Brazil', 3.96, 7, 129.0),
(805, 'Adams', 'Skelding', 'askeldingmc@nps.gov', '1969-02-11', 'Bangladesh', 1.8, 2, 95.0),
(806, 'Tailor', 'Silverwood', 'tsilverwoodmd@bloglovin.com', '1936-08-11', 'Indonesia', 3.37, 4, 114.0),
(807, 'Stevy', 'Walworth', 'swalworthme@myspace.com', '1995-07-07', 'United States', 2.75, 3, 127.0),
(808, 'Torrence', 'Schimonek', 'tschimonekmf@loc.gov', '1978-05-29', 'Czech Republic', 2.16, 9, 81.0),
(809, 'Bruno', 'Purtell', 'bpurtellmg@arstechnica.com', '1969-01-08', 'China', 2.41, 3, 96.0),
(810, 'Fidela', 'McWhin', 'fmcwhinmh@barnesandnoble.com', '1957-06-04', 'Bahamas', 2.12, 3, 97.0),
(811, 'Tanya', 'Greest', 'tgreestmi@1688.com', '1956-11-29', 'Uganda', 3.25, 6, 87.0),
(812, 'Donni', 'Mairs', 'dmairsmj@about.me', '1947-05-22', 'China', 1.67, 11, 106.0),
(813, 'Nicola', 'Edelheit', 'nedelheitmk@foxnews.com', '1953-06-02', 'Sweden', 1.88, 1, 120.0),
(814, 'Esme', 'Jossel', 'ejosselml@t.co', '1929-09-21', 'Thailand', 3.3, 9, 123.0),
(815, 'Franciskus', 'Speechley', 'fspeechleymm@guardian.co.uk', '1976-08-28', 'Brazil', 3.98, 11, 116.0),
(816, 'Celestia', 'Riddeough', 'criddeoughmn@cbc.ca', '1924-07-27', 'Brazil', 2.82, 12, 119.0),
(817, 'Zorana', 'Matthieson', 'zmatthiesonmo@51.la', '1966-07-26', 'China', 1.82, 8, 92.0),
(818, 'Donielle', 'Wegman', 'dwegmanmp@usda.gov', '1969-01-21', 'Indonesia', 3.17, 3, 108.0),
(819, 'Colan', 'McCanny', 'cmccannymq@ucoz.ru', '1941-06-08', 'China', 2.28, 5, 103.0),
(820, 'Caryn', 'Brack', 'cbrackmr@nasa.gov', '1970-11-22', 'China', 1.99, 1, 111.0),
(821, 'Mahmud', 'Sorrie', 'msorriems@ifeng.com', '1973-04-19', 'Yemen', 3.5, 8, 94.0),
(822, 'Chantalle', 'Wozencraft', 'cwozencraftmt@php.net', '1966-05-07', 'Indonesia', 1.99, 8, 112.0),
(823, 'Noelyn', 'Cantu', 'ncantumu@omniture.com', '1925-01-12', 'El Salvador', 3.42, 1, 92.0),
(824, 'Shepperd', 'Greger', 'sgregermv@yale.edu', '1946-10-27', 'Indonesia', 1.85, 7, 112.0),
(825, 'Rudolph', 'Ainsbury', 'rainsburymw@dion.ne.jp', '1958-05-06', 'Indonesia', 1.75, 10, 122.0),
(826, 'Phelia', 'Ilyuchyov', 'pilyuchyovmx@slideshare.net', '1930-06-03', 'Russia', 1.73, 8, 102.0),
(827, 'Elvera', 'Chazotte', 'echazottemy@oakley.com', '1994-11-22', 'Egypt', 2.59, 3, 81.0),
(828, 'Ignatius', 'Boeter', 'iboetermz@examiner.com', '1985-04-01', 'China', 2.23, 2, 126.0),
(829, 'Earvin', 'Aguirrezabal', 'eaguirrezabaln0@yahoo.co.jp', '1931-02-17', 'Brazil', 2.79, 8, 116.0),
(830, 'Shelley', 'Grigoliis', 'sgrigoliisn1@blogspot.com', '1965-03-05', 'Czech Republic', 1.96, 3, 124.0),
(831, 'Janetta', 'Hurcombe', 'jhurcomben2@cnbc.com', '1991-03-31', 'Greece', 2.22, 9, 104.0),
(832, 'Ephrayim', 'Verden', 'everdenn3@about.com', '1923-07-15', 'Jamaica', 3.02, 10, 115.0),
(833, 'Vito', 'Boshere', 'vbosheren4@sourceforge.net', '1978-10-03', 'China', 1.67, 6, 85.0),
(834, 'Joel', 'Jankovic', 'jjankovicn5@csmonitor.com', '1986-08-06', 'Palestinian Territory', 2.6, 12, 119.0),
(835, 'Bret', 'Simpole', 'bsimpolen6@dot.gov', '1974-08-08', 'Brazil', 2.42, 12, 89.0),
(836, 'Paulie', 'Filippucci', 'pfilippuccin7@yellowbook.com', '1977-10-02', 'Portugal', 3.1, 1, 98.0),
(837, 'Lutero', 'Duchateau', 'lduchateaun8@w3.org', '1970-09-14', 'New Zealand', 3.82, 10, 97.0),
(838, 'Rodie', 'MacCosty', 'rmaccostyn9@apache.org', '1928-01-24', 'Peru', 1.56, 3, 103.0),
(839, 'Dom', 'Swinn', 'dswinnna@columbia.edu', '1994-01-24', 'China', 1.75, 3, 126.0),
(840, 'Clementina', 'Twiddell', 'ctwiddellnb@geocities.jp', '1948-03-18', 'Colombia', 3.26, 6, 87.0),
(841, 'Leupold', 'Farens', 'lfarensnc@huffingtonpost.com', '1954-06-17', 'Mexico', 2.82, 10, 98.0),
(842, 'Lemar', 'Elcoat', 'lelcoatnd@last.fm', '1923-04-10', 'China', 2.05, 11, 108.0),
(843, 'Francine', 'Howsam', 'fhowsamne@theglobeandmail.com', '1936-08-09', 'China', 3.96, 1, 96.0),
(844, 'Barrie', 'McGebenay', 'bmcgebenaynf@un.org', '1978-06-26', 'France', 3.59, 1, 108.0),
(845, 'Mirna', 'Worwood', 'mworwoodng@columbia.edu', '1981-03-08', 'Maldives', 3.9, 9, 105.0),
(846, 'Tonie', 'Malthouse', 'tmalthousenh@webs.com', '1939-06-30', 'China', 2.4, 9, 118.0),
(847, 'Janina', 'Keppe', 'jkeppeni@4shared.com', '1959-03-07', 'Mongolia', 1.62, 9, 129.0),
(848, 'Ardisj', 'Talboy', 'atalboynj@google.it', '1988-05-02', 'Monaco', 3.68, 11, 92.0),
(849, 'Anjela', 'Camous', 'acamousnk@msu.edu', '1975-05-25', 'Thailand', 3.83, 6, 117.0),
(850, 'Leon', 'O''Dare', 'lodarenl@hao123.com', '1990-04-18', 'Nigeria', 3.68, 5, 110.0),
(851, 'Lorri', 'Littrell', 'llittrellnm@ucoz.com', '1969-10-29', 'Kosovo', 2.63, 9, 105.0),
(852, 'Babbie', 'Ledward', 'bledwardnn@bizjournals.com', '1953-08-07', 'Rwanda', 3.23, 11, 111.0),
(853, 'Lydie', 'Matteo', 'lmatteono@example.com', '1922-05-22', 'Russia', 3.97, 12, 96.0),
(854, 'Noach', 'Bentzen', 'nbentzennp@alexa.com', '1988-12-25', 'Russia', 1.7, 3, 123.0),
(855, 'Merrill', 'Syrett', 'msyrettnq@wordpress.com', '1971-08-13', 'Afghanistan', 2.94, 11, 109.0),
(856, 'Vinnie', 'Rosenstiel', 'vrosenstielnr@unicef.org', '1934-07-03', 'Russia', 2.28, 4, 105.0),
(857, 'Elizabeth', 'Hakonsson', 'ehakonssonns@dyndns.org', '1995-05-26', 'Russia', 3.66, 2, 117.0),
(858, 'Patsy', 'Capnerhurst', 'pcapnerhurstnt@posterous.com', '1934-08-29', 'China', 2.76, 10, 95.0),
(859, 'Emlynne', 'Flipsen', 'eflipsennu@blogger.com', '1951-07-09', 'Panama', 3.26, 12, 121.0),
(860, 'Kennan', 'Hurrion', 'khurrionnv@fc2.com', '1956-11-01', 'Palestinian Territory', 3.99, 4, 122.0),
(861, 'Lutero', 'Keeffe', 'lkeeffenw@marketwatch.com', '1936-09-28', 'Bhutan', 2.9, 2, 93.0),
(862, 'Gussie', 'Witherington', 'gwitheringtonnx@weebly.com', '1942-08-03', 'United States', 3.09, 3, 117.0),
(863, 'Wynne', 'Fleury', 'wfleuryny@flickr.com', '1992-01-08', 'Russia', 2.64, 11, 106.0),
(864, 'Marijo', 'Bullene', 'mbullenenz@delicious.com', '1999-10-25', 'Russia', 2.78, 3, 97.0),
(865, 'Jamima', 'Kopisch', 'jkopischo0@storify.com', '1966-09-24', 'Philippines', 2.71, 3, 106.0),
(866, 'Nanny', 'Sorton', 'nsortono1@dropbox.com', '1985-04-25', 'Peru', 3.72, 8, 107.0),
(867, 'Vergil', 'Duffitt', 'vduffitto2@zdnet.com', '1951-06-28', 'Canada', 2.4, 8, 128.0),
(868, 'Carma', 'Ciobutaru', 'cciobutaruo3@unicef.org', '1934-04-27', 'Ukraine', 2.44, 2, 85.0),
(869, 'Edyth', 'Pithcock', 'epithcocko4@businessinsider.com', '1969-03-26', 'Indonesia', 3.13, 3, 109.0),
(870, 'Carleton', 'Geeve', 'cgeeveo5@naver.com', '1928-06-21', 'Colombia', 2.56, 9, 83.0),
(871, 'Etan', 'Lobb', 'elobbo6@google.co.jp', '1948-02-09', 'Poland', 2.15, 10, 93.0),
(872, 'Morissa', 'di Rocca', 'mdiroccao7@sitemeter.com', '1982-06-19', 'Cameroon', 3.05, 5, 100.0),
(873, 'Elroy', 'Trubshawe', 'etrubshaweo8@princeton.edu', '1980-12-12', 'Indonesia', 2.4, 5, 111.0),
(874, 'Claudell', 'Maker', 'cmakero9@deliciousdays.com', '1927-09-20', 'Guinea', 3.86, 3, 120.0),
(875, 'Dario', 'Bucktrout', 'dbucktroutoa@time.com', '1979-09-12', 'Sweden', 1.65, 9, 123.0),
(876, 'Antonia', 'Rodnight', 'arodnightob@youtu.be', '1946-05-01', 'Indonesia', 1.6, 7, 83.0),
(877, 'Bail', 'Penelli', 'bpenellioc@google.pl', '1985-01-20', 'China', 2.02, 6, 127.0),
(878, 'Cos', 'Syrie', 'csyrieod@cmu.edu', '1966-12-23', 'Kazakhstan', 2.83, 10, 108.0),
(879, 'Jaquenetta', 'Farmloe', 'jfarmloeoe@scribd.com', '1936-08-20', 'Indonesia', 3.45, 3, 95.0),
(880, 'Shurlocke', 'Huntress', 'shuntressof@1und1.de', '1954-06-11', 'Poland', 1.75, 3, 86.0),
(881, 'Cherlyn', 'Thunderchief', 'cthunderchiefog@unicef.org', '1983-03-30', 'China', 3.35, 2, 88.0),
(882, 'Rosana', 'Lurner', 'rlurneroh@java.com', '1926-11-02', 'Costa Rica', 3.62, 12, 86.0),
(883, 'Jehu', 'Pyne', 'jpyneoi@dailymail.co.uk', '1991-03-12', 'Greece', 2.22, 10, 121.0),
(884, 'Seana', 'Reilingen', 'sreilingenoj@de.vu', '1967-09-26', 'Poland', 3.65, 6, 108.0),
(885, 'Jocelyne', 'Hirsthouse', 'jhirsthouseok@example.com', '1942-05-09', 'Nigeria', 2.22, 4, 124.0),
(886, 'Opalina', 'Phillott', 'ophillottol@amazon.com', '1929-11-02', 'Indonesia', 3.77, 3, 96.0),
(887, 'Mallory', 'Chansonne', 'mchansonneom@sakura.ne.jp', '1965-11-13', 'France', 3.82, 3, 100.0),
(888, 'Giusto', 'Cock', 'gcockon@theatlantic.com', '1942-05-05', 'Argentina', 2.78, 8, 91.0),
(889, 'Rupert', 'Weare', 'rweareoo@a8.net', '1928-02-09', 'China', 3.39, 8, 92.0),
(890, 'Jon', 'Dani', 'jdaniop@etsy.com', '1983-12-13', 'China', 2.46, 1, 84.0),
(891, 'Thoma', 'Broadbury', 'tbroadburyoq@wsj.com', '1948-08-12', 'China', 3.22, 5, 112.0),
(892, 'Nanny', 'Mottershead', 'nmottersheador@de.vu', '1976-02-02', 'United States', 1.91, 10, 100.0),
(893, 'Cele', 'Collinge', 'ccollingeos@edublogs.org', '1923-05-03', 'Russia', 1.6, 7, 123.0),
(894, 'Kenton', 'Young', 'kyoungot@wikimedia.org', '1954-05-04', 'Philippines', 1.5, 10, 88.0),
(895, 'Dallas', 'Walasik', 'dwalasikou@godaddy.com', '1939-08-25', 'China', 2.1, 12, 85.0),
(896, 'Sid', 'Fogt', 'sfogtov@springer.com', '1996-12-21', 'United States', 3.15, 3, 127.0),
(897, 'Janine', 'Dochon', 'jdochonow@thetimes.co.uk', '1944-07-13', 'China', 2.89, 5, 83.0),
(898, 'Broderic', 'Alban', 'balbanox@typepad.com', '1925-01-04', 'Vietnam', 1.65, 7, 85.0),
(899, 'Judd', 'Whitman', 'jwhitmanoy@scientificamerican.com', '1925-06-29', 'Indonesia', 3.44, 6, 106.0),
(900, 'Dinny', 'Annandale', 'dannandaleoz@etsy.com', '1951-02-04', 'Peru', 1.65, 9, 106.0),
(901, 'Marnia', 'Passe', 'mpassep0@gizmodo.com', '1921-09-28', 'Indonesia', 2.92, 1, 89.0),
(902, 'Jesse', 'Bantock', 'jbantockp1@salon.com', '1975-06-05', 'South Sudan', 3.47, 7, 91.0),
(903, 'Odell', 'Ianniello', 'oianniellop2@google.com.au', '1974-06-04', 'France', 2.01, 10, 102.0),
(904, 'Pennie', 'Schubert', 'pschubertp3@slate.com', '1998-07-31', 'Philippines', 2.74, 7, 109.0),
(905, 'Rufe', 'Stentiford', 'rstentifordp4@mapy.cz', '1989-06-08', 'Uganda', 3.9, 12, 104.0),
(906, 'Evelyn', 'Killock', 'ekillockp5@themeforest.net', '1997-04-26', 'China', 2.49, 6, 87.0),
(907, 'Lilyan', 'Dubs', 'ldubsp6@reference.com', '1996-02-20', 'Belarus', 3.12, 11, 116.0),
(908, 'Margo', 'Pomfret', 'mpomfretp7@toplist.cz', '1987-08-03', 'Japan', 1.61, 5, 83.0),
(909, 'Tabatha', 'McCaffery', 'tmccafferyp8@github.io', '1983-07-12', 'Philippines', 1.62, 1, 103.0),
(910, 'Sukey', 'Geockle', 'sgeocklep9@hexun.com', '1946-11-12', 'Nigeria', 3.28, 6, 81.0),
(911, 'Alisun', 'Grayshon', 'agrayshonpa@uiuc.edu', '1938-10-18', 'Indonesia', 1.78, 11, 120.0),
(912, 'Tedman', 'Trousdale', 'ttrousdalepb@addthis.com', '1960-12-14', 'Belarus', 3.22, 4, 121.0),
(913, 'Lurline', 'Trotton', 'ltrottonpc@opensource.org', '1940-08-22', 'Tanzania', 2.34, 11, 104.0),
(914, 'Hobard', 'O''Bradain', 'hobradainpd@weather.com', '1990-12-01', 'Philippines', 3.47, 9, 104.0),
(915, 'Anders', 'Matysik', 'amatysikpe@scientificamerican.com', '1943-11-13', 'Ukraine', 3.0, 9, 106.0),
(916, 'Marice', 'Cohn', 'mcohnpf@amazon.de', '1990-05-12', 'Indonesia', 3.79, 5, 124.0),
(917, 'Guillema', 'Siggery', 'gsiggerypg@elegantthemes.com', '1951-01-30', 'China', 3.23, 6, 93.0),
(918, 'Ollie', 'Hallowell', 'ohallowellph@ow.ly', '1945-11-14', 'Portugal', 2.62, 7, 128.0),
(919, 'Claybourne', 'Krale', 'ckralepi@tiny.cc', '1961-04-19', 'Japan', 2.77, 8, 126.0),
(920, 'Geoff', 'Balint', 'gbalintpj@symantec.com', '1935-03-14', 'Honduras', 2.03, 12, 109.0),
(921, 'Doll', 'Carcas', 'dcarcaspk@baidu.com', '1945-01-07', 'China', 3.81, 7, 127.0),
(922, 'Marjie', 'Cackett', 'mcackettpl@mac.com', '1989-10-21', 'Indonesia', 1.64, 6, 122.0),
(923, 'Johna', 'Polin', 'jpolinpm@marriott.com', '1971-04-25', 'Denmark', 2.16, 7, 100.0),
(924, 'Codi', 'Klesel', 'ckleselpn@hibu.com', '1956-12-09', 'France', 2.13, 5, 90.0),
(925, 'Rosette', 'Yarnall', 'ryarnallpo@issuu.com', '1988-08-17', 'Japan', 2.24, 10, 118.0),
(926, 'Payton', 'Postan', 'ppostanpp@msn.com', '1986-08-09', 'China', 3.05, 7, 116.0),
(927, 'Duky', 'Cleaton', 'dcleatonpq@hc360.com', '1947-06-21', 'Kyrgyzstan', 3.32, 6, 82.0),
(928, 'Albina', 'Kadd', 'akaddpr@uiuc.edu', '1987-05-29', 'United States', 3.0, 7, 95.0),
(929, 'Codi', 'Geffinger', 'cgeffingerps@psu.edu', '1984-04-07', 'Indonesia', 2.63, 3, 85.0),
(930, 'Ingra', 'Speariett', 'ispeariettpt@usnews.com', '1926-09-10', 'China', 1.52, 11, 83.0),
(931, 'Dulcea', 'Hilling', 'dhillingpu@myspace.com', '1998-08-04', 'Croatia', 3.47, 6, 118.0),
(932, 'Minerva', 'Povlsen', 'mpovlsenpv@desdev.cn', '1930-01-01', 'Tanzania', 3.0, 5, 114.0),
(933, 'Edie', 'Twinbourne', 'etwinbournepw@godaddy.com', '1998-04-08', 'Indonesia', 3.82, 11, 119.0),
(934, 'Sara-ann', 'Derobert', 'sderobertpx@1688.com', '1996-07-17', 'Indonesia', 3.47, 11, 107.0),
(935, 'Carolina', 'Darlasson', 'cdarlassonpy@bandcamp.com', '1965-11-28', 'Philippines', 2.9, 5, 99.0),
(936, 'Sile', 'Oliveira', 'soliveirapz@upenn.edu', '1968-12-01', 'Afghanistan', 3.99, 10, 117.0),
(937, 'Leanor', 'Giacomello', 'lgiacomelloq0@usatoday.com', '1990-02-25', 'China', 2.54, 9, 126.0),
(938, 'Verla', 'Dennerley', 'vdennerleyq1@addtoany.com', '1955-12-06', 'Philippines', 2.31, 12, 116.0),
(939, 'Archie', 'Renwick', 'arenwickq2@ucla.edu', '1980-03-22', 'Czech Republic', 2.46, 3, 118.0),
(940, 'Bronnie', 'Miller', 'bmillerq3@twitter.com', '1983-04-01', 'Philippines', 2.95, 1, 100.0),
(941, 'Milka', 'Jobb', 'mjobbq4@vistaprint.com', '1956-05-23', 'Indonesia', 3.62, 11, 104.0),
(942, 'Ericka', 'Diano', 'edianoq5@geocities.jp', '1998-02-10', 'Botswana', 3.11, 12, 93.0),
(943, 'Cesar', 'Zanitti', 'czanittiq6@cisco.com', '1981-06-03', 'Philippines', 2.27, 4, 81.0),
(944, 'Corty', 'Schuricke', 'cschurickeq7@mozilla.org', '1988-12-05', 'Botswana', 3.27, 11, 119.0),
(945, 'Tate', 'Le Leu', 'tleleuq8@mtv.com', '1988-02-12', 'Greece', 3.29, 11, 128.0),
(946, 'Towney', 'Fitzsymon', 'tfitzsymonq9@marriott.com', '1959-11-10', 'Indonesia', 3.77, 12, 90.0),
(947, 'Marten', 'Farrer', 'mfarrerqa@angelfire.com', '1932-02-01', 'Portugal', 3.13, 5, 82.0),
(948, 'Barry', 'Macellar', 'bmacellarqb@nationalgeographic.com', '1955-09-17', 'Czech Republic', 2.45, 4, 87.0),
(949, 'Pail', 'Pippin', 'ppippinqc@techcrunch.com', '1958-04-04', 'Iraq', 2.52, 11, 80.0),
(950, 'Tori', 'Merton', 'tmertonqd@dion.ne.jp', '1953-10-02', 'China', 1.82, 5, 94.0),
(951, 'Adriaens', 'Chadbourne', 'achadbourneqe@nba.com', '1990-06-19', 'China', 2.09, 12, 113.0),
(952, 'Carena', 'Bloomer', 'cbloomerqf@odnoklassniki.ru', '1986-12-21', 'Peru', 1.75, 1, 94.0),
(953, 'Kaye', 'Duligal', 'kduligalqg@bloomberg.com', '1954-02-28', 'Sweden', 2.71, 7, 98.0),
(954, 'Thorin', 'Gerling', 'tgerlingqh@virginia.edu', '1957-06-23', 'Kosovo', 1.72, 8, 83.0),
(955, 'Pamelina', 'Lackinton', 'plackintonqi@zimbio.com', '1975-03-03', 'China', 2.29, 6, 127.0),
(956, 'Hershel', 'Heathcoat', 'hheathcoatqj@msu.edu', '1961-09-26', 'Bangladesh', 2.0, 4, 83.0),
(957, 'Alfie', 'Camin', 'acaminqk@hexun.com', '1995-08-08', 'Indonesia', 2.75, 12, 107.0),
(958, 'Natalie', 'Bennell', 'nbennellql@wunderground.com', '1938-08-12', 'China', 3.39, 10, 83.0),
(959, 'Pauly', 'Saltsberg', 'psaltsbergqm@ucoz.com', '1963-03-25', 'Cuba', 3.36, 11, 84.0),
(960, 'Aurilia', 'Habishaw', 'ahabishawqn@arstechnica.com', '1987-12-30', 'Indonesia', 3.24, 4, 106.0),
(961, 'Adey', 'Goatman', 'agoatmanqo@squidoo.com', '1929-10-18', 'Bosnia and Herzegovina', 3.98, 12, 91.0),
(962, 'Broderic', 'Jellico', 'bjellicoqp@privacy.gov.au', '1962-05-22', 'Colombia', 3.49, 10, 120.0),
(963, 'Jorry', 'Callis', 'jcallisqq@prweb.com', '1930-12-06', 'Indonesia', 2.41, 6, 103.0),
(964, 'Petrina', 'Livingston', 'plivingstonqr@joomla.org', '1984-08-20', 'China', 3.36, 3, 121.0),
(965, 'Jozef', 'Measom', 'jmeasomqs@imageshack.us', '1984-11-03', 'Indonesia', 3.6, 6, 82.0),
(966, 'Chaddie', 'Madgewick', 'cmadgewickqt@spotify.com', '1931-06-21', 'Czech Republic', 2.98, 9, 84.0),
(967, 'Melly', 'Izakovitz', 'mizakovitzqu@t-online.de', '1982-09-07', 'Thailand', 2.71, 9, 95.0),
(968, 'Patty', 'Whisson', 'pwhissonqv@discovery.com', '1957-01-26', 'China', 1.7, 3, 102.0),
(969, 'Conrade', 'Hurich', 'churichqw@themeforest.net', '1936-07-13', 'Argentina', 3.98, 9, 112.0),
(970, 'Meris', 'Featherstonhaugh', 'mfeatherstonhaughqx@i2i.jp', '1999-12-22', 'Honduras', 2.48, 10, 118.0),
(971, 'Ronica', 'Shrubshall', 'rshrubshallqy@reverbnation.com', '1995-09-21', 'Indonesia', 1.6, 3, 94.0),
(972, 'Deerdre', 'Vanelli', 'dvanelliqz@intel.com', '1989-06-20', 'Ukraine', 3.85, 2, 121.0),
(973, 'Barri', 'Hyde-Chambers', 'bhydechambersr0@baidu.com', '1998-02-07', 'China', 3.78, 12, 111.0),
(974, 'Felipe', 'Lodden', 'floddenr1@theglobeandmail.com', '1982-01-07', 'United Kingdom', 3.07, 9, 112.0),
(975, 'Andria', 'Matches', 'amatchesr2@boston.com', '1961-02-01', 'South Sudan', 2.69, 8, 91.0),
(976, 'Jens', 'Duddin', 'jduddinr3@oaic.gov.au', '1946-06-04', 'China', 2.36, 1, 128.0),
(977, 'Cosette', 'Gorick', 'cgorickr4@aol.com', '1985-09-12', 'Indonesia', 2.34, 8, 96.0),
(978, 'Pauly', 'Osburn', 'posburnr5@sitemeter.com', '1979-07-05', 'Russia', 2.89, 9, 99.0),
(979, 'Joey', 'Blasing', 'jblasingr6@chron.com', '1946-10-11', 'Sweden', 1.9, 2, 86.0),
(980, 'Alayne', 'Harpham', 'aharphamr7@dagondesign.com', '1976-01-02', 'China', 3.11, 10, 118.0),
(981, 'Rey', 'Crook', 'rcrookr8@list-manage.com', '1967-04-20', 'Russia', 3.8, 2, 104.0),
(982, 'Ardine', 'Cockayme', 'acockaymer9@msu.edu', '1932-04-03', 'China', 3.65, 8, 104.0),
(983, 'Uta', 'Ogelsby', 'uogelsbyra@bigcartel.com', '1967-05-19', 'Serbia', 1.57, 2, 119.0),
(984, 'Cristionna', 'Chomicz', 'cchomiczrb@marriott.com', '1924-10-15', 'China', 3.24, 3, 100.0),
(985, 'Pavla', 'Daggett', 'pdaggettrc@shareasale.com', '1922-01-15', 'China', 3.4, 2, 89.0),
(986, 'Jonathan', 'Arp', 'jarprd@nih.gov', '1957-02-27', 'Czech Republic', 3.04, 4, 108.0),
(987, 'Quinlan', 'Gyrgorwicx', 'qgyrgorwicxre@pinterest.com', '1976-07-06', 'Venezuela', 3.83, 1, 81.0),
(988, 'Bibbye', 'Paulo', 'bpaulorf@last.fm', '1930-07-20', 'Palestinian Territory', 2.37, 7, 111.0),
(989, 'Alvina', 'Taveriner', 'ataverinerrg@mashable.com', '1988-08-08', 'France', 3.76, 11, 105.0),
(990, 'Natalina', 'Bichard', 'nbichardrh@opensource.org', '1963-10-30', 'Slovenia', 3.82, 11, 87.0),
(991, 'Lazare', 'Stannering', 'lstanneringri@chicagotribune.com', '1947-12-05', 'China', 2.07, 11, 103.0),
(992, 'Gaultiero', 'Jerrom', 'gjerromrj@fc2.com', '1994-04-05', 'Russia', 2.74, 3, 115.0),
(993, 'Danila', 'Preedy', 'dpreedyrk@amazon.com', '1973-08-11', 'Finland', 3.7, 7, 123.0),
(994, 'Carter', 'Pundy', 'cpundyrl@answers.com', '1987-01-19', 'Kenya', 3.79, 9, 103.0),
(995, 'Zita', 'Pauer', 'zpauerrm@timesonline.co.uk', '1945-05-13', 'China', 3.24, 8, 85.0),
(996, 'Lauren', 'Flay', 'lflayrn@pinterest.com', '1946-12-04', 'Thailand', 3.41, 10, 95.0),
(997, 'Sylas', 'Perrone', 'sperronero@twitter.com', '1943-05-26', 'Japan', 2.35, 5, 103.0),
(998, 'Cull', 'De Maria', 'cdemariarp@uol.com.br', '1986-06-07', 'Ukraine', 2.49, 7, 88.0),
(999, 'Golda', 'Snibson', 'gsnibsonrq@jiathis.com', '1957-06-28', 'Colombia', 2.83, 3, 97.0),
(1000, 'Juditha', 'Fursey', 'jfurseyrr@xinhuanet.com', '1995-02-23', 'Argentina', 2.35, 11, 82.0);

insert into registration (student_id, course_id, point_percent, grade_type_id)
values
(1, 5, 82.0, 3),
(1, 13, 91.0, 2),
(1, 16, 97.0, 3),
(2, 11, 86.0, 3),
(2, 17, 80.0, 3),
(2, 1, 76.0, 2),
(2, 6, 85.0, 2),
(3, 11, 79.0, 2),
(3, 14, 78.0, 3),
(3, 12, 75.0, 3),
(4, 15, 94.0, 3),
(4, 12, 81.0, 2),
(5, 7, 85.0, 2),
(5, 12, 91.0, 3),
(5, 5, 80.0, 1),
(6, 16, 82.0, 3),
(6, 8, 85.0, 3),
(6, 9, 82.0, 2),
(7, 1, 93.0, 3),
(7, 4, 94.0, 2),
(7, 6, 78.0, 1),
(8, 10, 92.0, 3),
(8, 16, 80.0, 3),
(8, 8, 83.0, 2),
(9, 16, 79.0, 3),
(9, 10, 76.0, 3),
(9, 9, 89.0, 2),
(10, 17, 85.0, 1),
(10, 7, 89.0, 3),
(10, 14, 79.0, 2),
(11, 12, 83.0, 1),
(11, 17, 84.0, 1),
(11, 16, 83.0, 3),
(12, 14, 88.0, 2),
(12, 3, 79.0, 1),
(12, 6, 89.0, 2),
(12, 12, 80.0, 2),
(13, 18, 88.0, 3),
(13, 8, 99.0, 1),
(13, 2, 79.0, 3),
(13, 3, 98.0, 3),
(14, 8, 78.0, 3),
(14, 4, 91.0, 1),
(14, 9, 75.0, 2),
(14, 5, 94.0, 1),
(15, 9, 88.0, 2),
(15, 2, 79.0, 1),
(15, 1, 93.0, 2),
(16, 10, 81.0, 2),
(16, 2, 95.0, 3),
(17, 16, 90.0, 2),
(17, 9, 82.0, 1),
(17, 1, 97.0, 3),
(18, 4, 99.0, 3),
(18, 3, 99.0, 2),
(18, 12, 93.0, 2),
(19, 2, 84.0, 1),
(19, 12, 86.0, 1),
(19, 4, 89.0, 3),
(20, 5, 96.0, 2),
(20, 18, 87.0, 2),
(20, 6, 91.0, 3),
(21, 10, 84.0, 3),
(21, 17, 79.0, 2),
(21, 6, 90.0, 3),
(21, 15, 90.0, 2),
(21, 3, 82.0, 2),
(22, 7, 91.0, 3),
(22, 5, 86.0, 3),
(22, 18, 76.0, 3),
(23, 14, 87.0, 3),
(23, 18, 90.0, 3),
(23, 16, 88.0, 2),
(24, 12, 78.0, 2),
(24, 2, 80.0, 3),
(25, 14, 88.0, 2),
(25, 5, 80.0, 3),
(25, 13, 79.0, 3),
(25, 4, 81.0, 2),
(26, 3, 88.0, 2),
(26, 1, 80.0, 3),
(26, 10, 88.0, 1),
(27, 14, 82.0, 3),
(27, 3, 84.0, 1),
(27, 10, 85.0, 2),
(27, 9, 79.0, 1),
(27, 12, 78.0, 2),
(28, 11, 84.0, 1),
(28, 3, 91.0, 1),
(28, 18, 98.0, 3),
(29, 14, 97.0, 1),
(29, 6, 83.0, 3),
(30, 10, 78.0, 3),
(30, 11, 77.0, 1),
(30, 2, 97.0, 2),
(30, 9, 99.0, 2),
(31, 3, 86.0, 2),
(31, 2, 87.0, 1),
(32, 9, 90.0, 2),
(32, 18, 75.0, 1),
(32, 10, 84.0, 2),
(32, 1, 85.0, 3),
(33, 18, 92.0, 1),
(33, 9, 99.0, 3),
(33, 10, 77.0, 1),
(34, 2, 96.0, 3),
(34, 15, 88.0, 1),
(34, 14, 90.0, 1),
(34, 17, 98.0, 2),
(35, 16, 91.0, 2),
(35, 10, 94.0, 2),
(35, 8, 86.0, 3),
(36, 9, 90.0, 1),
(36, 16, 85.0, 2),
(36, 10, 93.0, 3),
(37, 17, 87.0, 3),
(37, 3, 88.0, 3),
(37, 11, 91.0, 2),
(38, 1, 78.0, 1),
(38, 12, 81.0, 1),
(39, 1, 88.0, 1),
(39, 3, 83.0, 1),
(39, 15, 97.0, 1),
(39, 11, 94.0, 3),
(40, 2, 93.0, 2),
(40, 11, 75.0, 3),
(40, 1, 96.0, 2),
(41, 12, 87.0, 3),
(41, 16, 96.0, 2),
(41, 5, 85.0, 2),
(42, 13, 76.0, 3),
(42, 7, 75.0, 3),
(42, 3, 83.0, 2),
(42, 11, 84.0, 2),
(42, 12, 82.0, 3),
(43, 15, 87.0, 1),
(43, 12, 89.0, 1),
(44, 1, 92.0, 1),
(44, 11, 77.0, 3),
(44, 5, 95.0, 1),
(45, 14, 90.0, 3),
(45, 4, 79.0, 1),
(45, 18, 94.0, 1),
(45, 15, 75.0, 1),
(46, 16, 89.0, 1),
(46, 1, 95.0, 3),
(47, 14, 79.0, 3),
(47, 3, 98.0, 3),
(47, 18, 83.0, 2),
(48, 13, 87.0, 2),
(48, 12, 91.0, 1),
(49, 8, 90.0, 2),
(49, 5, 82.0, 2),
(50, 12, 92.0, 3),
(50, 11, 91.0, 2),
(50, 7, 96.0, 1),
(51, 3, 90.0, 3),
(51, 4, 81.0, 3),
(51, 10, 95.0, 2),
(51, 14, 79.0, 2),
(51, 6, 86.0, 3),
(52, 4, 82.0, 2),
(52, 13, 98.0, 1),
(52, 14, 91.0, 3),
(52, 10, 99.0, 2),
(53, 11, 99.0, 3),
(53, 9, 86.0, 3),
(53, 15, 88.0, 2),
(53, 17, 99.0, 2),
(54, 9, 98.0, 1),
(54, 18, 96.0, 1),
(55, 11, 78.0, 3),
(55, 15, 93.0, 2),
(56, 1, 92.0, 1),
(56, 17, 81.0, 2),
(57, 2, 89.0, 2),
(57, 11, 86.0, 1),
(57, 16, 89.0, 2),
(58, 5, 95.0, 2),
(58, 2, 80.0, 1),
(59, 14, 75.0, 2),
(59, 7, 76.0, 3),
(59, 16, 99.0, 1),
(59, 18, 92.0, 3),
(59, 9, 92.0, 1),
(60, 8, 88.0, 2),
(60, 15, 79.0, 2),
(61, 10, 92.0, 1),
(61, 17, 96.0, 1),
(61, 13, 85.0, 2),
(62, 15, 80.0, 2),
(62, 5, 98.0, 1),
(62, 16, 77.0, 1),
(63, 4, 77.0, 3),
(63, 6, 76.0, 3),
(63, 17, 80.0, 1),
(63, 3, 75.0, 1),
(64, 10, 75.0, 3),
(64, 17, 83.0, 1),
(64, 6, 96.0, 3),
(65, 9, 75.0, 2),
(65, 1, 79.0, 2),
(65, 4, 80.0, 3),
(65, 16, 88.0, 2),
(66, 13, 87.0, 1),
(66, 4, 97.0, 3),
(66, 14, 77.0, 3),
(67, 16, 76.0, 1),
(67, 6, 85.0, 2),
(67, 13, 88.0, 1),
(67, 4, 75.0, 3),
(68, 16, 76.0, 2),
(68, 1, 77.0, 2),
(68, 11, 84.0, 3),
(68, 9, 84.0, 2),
(69, 11, 78.0, 1),
(69, 6, 83.0, 3),
(70, 14, 78.0, 2),
(70, 5, 84.0, 3),
(70, 7, 75.0, 1),
(71, 17, 91.0, 2),
(71, 18, 89.0, 1),
(71, 3, 92.0, 2),
(72, 5, 85.0, 3),
(72, 8, 82.0, 1),
(72, 2, 92.0, 3),
(73, 11, 84.0, 3),
(73, 2, 93.0, 1),
(73, 9, 82.0, 2),
(73, 12, 99.0, 3),
(74, 1, 99.0, 3),
(74, 14, 86.0, 3),
(74, 9, 80.0, 2),
(75, 11, 77.0, 2),
(75, 2, 85.0, 3),
(76, 6, 86.0, 3),
(76, 4, 86.0, 2),
(76, 12, 98.0, 3),
(77, 10, 91.0, 3),
(77, 8, 91.0, 1),
(77, 11, 98.0, 3),
(78, 10, 99.0, 2),
(78, 7, 87.0, 3),
(78, 14, 82.0, 1),
(78, 4, 97.0, 2),
(79, 10, 81.0, 2),
(79, 13, 80.0, 3),
(79, 2, 90.0, 2),
(80, 13, 85.0, 2),
(80, 3, 86.0, 2),
(81, 15, 85.0, 1),
(81, 12, 92.0, 1),
(81, 16, 76.0, 2),
(81, 1, 88.0, 2),
(81, 6, 91.0, 2),
(82, 5, 98.0, 1),
(82, 17, 76.0, 3),
(82, 13, 80.0, 3),
(82, 16, 87.0, 2),
(83, 5, 82.0, 2),
(83, 16, 78.0, 2),
(83, 4, 82.0, 1),
(83, 12, 81.0, 1),
(84, 3, 81.0, 2),
(84, 6, 89.0, 3),
(85, 13, 82.0, 1),
(85, 17, 83.0, 1),
(85, 11, 76.0, 3),
(85, 16, 77.0, 2),
(85, 14, 95.0, 1),
(86, 11, 96.0, 2),
(86, 6, 90.0, 1),
(87, 5, 82.0, 2),
(87, 3, 80.0, 3),
(88, 2, 77.0, 3),
(88, 11, 81.0, 1),
(88, 13, 97.0, 1),
(89, 17, 99.0, 1),
(89, 14, 78.0, 1),
(90, 1, 92.0, 1),
(90, 6, 90.0, 2),
(90, 18, 89.0, 3),
(90, 13, 82.0, 3),
(91, 11, 94.0, 3),
(91, 7, 97.0, 1),
(91, 16, 87.0, 2),
(91, 9, 94.0, 3),
(92, 12, 83.0, 2),
(92, 6, 80.0, 3),
(93, 7, 91.0, 3),
(93, 17, 79.0, 3),
(93, 8, 85.0, 3),
(94, 3, 84.0, 1),
(94, 11, 86.0, 2),
(94, 2, 81.0, 3),
(95, 11, 95.0, 1),
(95, 6, 92.0, 2),
(95, 7, 92.0, 1),
(95, 2, 92.0, 1),
(96, 11, 83.0, 1),
(96, 17, 79.0, 3),
(96, 10, 97.0, 1),
(96, 14, 80.0, 3),
(97, 13, 80.0, 1),
(97, 2, 96.0, 3),
(97, 6, 86.0, 1),
(97, 8, 80.0, 1),
(98, 6, 81.0, 2),
(98, 10, 75.0, 3),
(98, 8, 82.0, 3),
(98, 4, 98.0, 1),
(99, 11, 98.0, 2),
(99, 18, 78.0, 3),
(99, 6, 89.0, 2),
(100, 4, 98.0, 3),
(100, 10, 86.0, 1),
(101, 7, 84.0, 2),
(101, 18, 92.0, 1),
(102, 15, 97.0, 2),
(102, 4, 85.0, 2),
(102, 18, 85.0, 1),
(102, 7, 84.0, 2),
(103, 13, 99.0, 1),
(103, 7, 78.0, 2),
(103, 6, 76.0, 1),
(104, 12, 89.0, 3),
(104, 11, 91.0, 3),
(104, 5, 77.0, 1),
(105, 16, 80.0, 1),
(105, 13, 75.0, 1),
(105, 6, 82.0, 3),
(105, 9, 99.0, 1),
(105, 18, 93.0, 1),
(106, 15, 84.0, 3),
(106, 12, 94.0, 2),
(106, 17, 79.0, 3),
(106, 5, 91.0, 1),
(107, 18, 81.0, 2),
(107, 11, 99.0, 2),
(107, 16, 78.0, 3),
(108, 18, 82.0, 1),
(108, 9, 90.0, 2),
(109, 5, 85.0, 2),
(109, 7, 83.0, 1),
(109, 15, 89.0, 2),
(109, 18, 90.0, 1),
(110, 17, 75.0, 1),
(110, 6, 80.0, 2),
(110, 18, 91.0, 1),
(110, 11, 97.0, 1),
(111, 1, 94.0, 1),
(111, 13, 99.0, 1),
(112, 13, 77.0, 3),
(112, 4, 92.0, 3),
(113, 1, 96.0, 2),
(113, 6, 97.0, 1),
(113, 14, 94.0, 1),
(113, 12, 80.0, 2),
(114, 17, 83.0, 2),
(114, 7, 75.0, 2),
(115, 4, 75.0, 1),
(115, 6, 91.0, 2),
(116, 5, 79.0, 1),
(116, 9, 92.0, 1),
(116, 13, 94.0, 1),
(116, 18, 87.0, 1),
(117, 1, 90.0, 1),
(117, 9, 86.0, 2),
(117, 18, 81.0, 1),
(118, 12, 77.0, 2),
(118, 15, 96.0, 3),
(118, 7, 90.0, 2),
(118, 6, 79.0, 1),
(119, 14, 94.0, 2),
(119, 15, 97.0, 2),
(119, 16, 85.0, 3),
(120, 14, 76.0, 2),
(120, 7, 80.0, 2),
(120, 15, 95.0, 2),
(120, 8, 75.0, 1),
(121, 3, 78.0, 3),
(121, 13, 97.0, 3),
(122, 5, 83.0, 1),
(122, 1, 78.0, 2),
(122, 7, 96.0, 1),
(123, 6, 80.0, 1),
(123, 3, 84.0, 1),
(123, 12, 97.0, 2),
(123, 15, 84.0, 2),
(124, 3, 80.0, 3),
(124, 17, 84.0, 1),
(124, 16, 98.0, 1),
(124, 9, 84.0, 1),
(125, 7, 83.0, 3),
(125, 6, 75.0, 3),
(125, 3, 99.0, 2),
(125, 15, 75.0, 3),
(126, 4, 91.0, 3),
(126, 13, 79.0, 1),
(126, 14, 83.0, 1),
(127, 16, 83.0, 3),
(127, 6, 90.0, 3),
(127, 15, 77.0, 3),
(128, 11, 85.0, 1),
(128, 7, 95.0, 2),
(129, 6, 93.0, 3),
(129, 11, 76.0, 2),
(129, 10, 85.0, 3),
(130, 4, 82.0, 3),
(130, 11, 88.0, 3),
(130, 7, 90.0, 1),
(131, 14, 99.0, 1),
(131, 18, 88.0, 2),
(131, 9, 87.0, 1),
(131, 8, 76.0, 1),
(132, 13, 94.0, 2),
(132, 14, 87.0, 3),
(133, 17, 97.0, 3),
(133, 8, 95.0, 1),
(134, 14, 87.0, 1),
(134, 10, 76.0, 2),
(134, 4, 84.0, 3),
(134, 9, 80.0, 2),
(135, 12, 76.0, 1),
(135, 16, 76.0, 1),
(135, 13, 83.0, 3),
(135, 18, 83.0, 3),
(136, 4, 82.0, 2),
(136, 8, 75.0, 1),
(136, 7, 94.0, 1),
(136, 9, 89.0, 1),
(136, 2, 85.0, 3),
(137, 7, 75.0, 3),
(137, 10, 94.0, 1),
(137, 2, 91.0, 1),
(138, 11, 90.0, 1),
(138, 7, 87.0, 1),
(138, 6, 99.0, 3),
(139, 5, 81.0, 3),
(139, 10, 77.0, 1),
(139, 4, 95.0, 3),
(140, 17, 84.0, 2),
(140, 7, 92.0, 3),
(140, 10, 97.0, 2),
(140, 15, 82.0, 2),
(141, 10, 84.0, 3),
(141, 2, 78.0, 1),
(142, 5, 83.0, 1),
(142, 2, 81.0, 2),
(142, 18, 95.0, 1),
(142, 8, 94.0, 1),
(143, 16, 81.0, 2),
(143, 7, 80.0, 3),
(144, 17, 95.0, 2),
(144, 15, 92.0, 2),
(144, 5, 89.0, 2),
(144, 16, 92.0, 1),
(145, 17, 99.0, 2),
(145, 11, 91.0, 1),
(145, 15, 77.0, 2),
(145, 2, 90.0, 1),
(146, 8, 80.0, 3),
(146, 16, 97.0, 2),
(147, 6, 83.0, 3),
(147, 11, 83.0, 3),
(147, 18, 98.0, 1),
(147, 8, 86.0, 1),
(148, 11, 80.0, 2),
(148, 18, 99.0, 1),
(148, 13, 85.0, 1),
(148, 7, 84.0, 3),
(149, 13, 96.0, 3),
(149, 2, 97.0, 2),
(149, 12, 98.0, 2),
(149, 18, 99.0, 2),
(150, 17, 80.0, 1),
(150, 9, 97.0, 2),
(150, 6, 75.0, 3),
(151, 11, 90.0, 2),
(151, 10, 92.0, 2),
(151, 9, 85.0, 1),
(152, 14, 82.0, 3),
(152, 18, 86.0, 3),
(152, 12, 85.0, 1),
(153, 6, 98.0, 1),
(153, 1, 82.0, 1),
(153, 13, 87.0, 2),
(153, 12, 97.0, 3),
(154, 15, 83.0, 1),
(154, 2, 77.0, 1),
(154, 10, 95.0, 3),
(155, 9, 82.0, 1),
(155, 2, 87.0, 1),
(155, 18, 97.0, 2),
(156, 6, 92.0, 1),
(156, 3, 84.0, 1),
(157, 9, 76.0, 3),
(157, 15, 97.0, 3),
(157, 1, 90.0, 2),
(158, 9, 86.0, 3),
(158, 2, 91.0, 1),
(158, 13, 84.0, 1),
(159, 11, 82.0, 2),
(159, 17, 84.0, 3),
(160, 7, 94.0, 1),
(160, 4, 95.0, 2),
(160, 1, 81.0, 2),
(161, 9, 83.0, 3),
(161, 18, 98.0, 1),
(161, 1, 87.0, 1),
(161, 14, 81.0, 3),
(162, 17, 98.0, 2),
(162, 10, 93.0, 1),
(163, 6, 90.0, 3),
(163, 17, 90.0, 2),
(163, 1, 86.0, 2),
(164, 9, 88.0, 1),
(164, 16, 91.0, 1),
(165, 16, 80.0, 3),
(165, 11, 95.0, 3),
(165, 3, 90.0, 1),
(165, 5, 82.0, 1),
(165, 1, 95.0, 2),
(166, 4, 85.0, 3),
(166, 17, 77.0, 2),
(166, 5, 83.0, 3),
(166, 11, 89.0, 2),
(167, 16, 80.0, 3),
(167, 3, 85.0, 3),
(168, 8, 87.0, 3),
(168, 9, 88.0, 3),
(168, 10, 91.0, 1),
(169, 14, 78.0, 1),
(169, 4, 86.0, 1),
(169, 11, 98.0, 3),
(169, 17, 89.0, 2),
(170, 2, 96.0, 3),
(170, 12, 80.0, 2),
(170, 3, 90.0, 1),
(170, 8, 85.0, 2),
(171, 12, 75.0, 3),
(171, 1, 85.0, 2),
(172, 11, 75.0, 3),
(172, 15, 97.0, 1),
(173, 16, 76.0, 2),
(173, 17, 89.0, 1),
(173, 9, 86.0, 1),
(173, 1, 93.0, 1),
(174, 18, 91.0, 1),
(174, 13, 96.0, 3),
(175, 1, 94.0, 1),
(175, 7, 77.0, 3),
(175, 2, 76.0, 3),
(175, 18, 95.0, 2),
(175, 8, 88.0, 1),
(176, 4, 86.0, 1),
(176, 18, 93.0, 2),
(177, 15, 83.0, 1),
(177, 6, 84.0, 2),
(177, 17, 82.0, 3),
(178, 9, 99.0, 3),
(178, 11, 83.0, 3),
(179, 9, 77.0, 3),
(179, 8, 90.0, 1),
(179, 15, 75.0, 1),
(180, 9, 78.0, 2),
(180, 3, 81.0, 2),
(181, 6, 80.0, 3),
(181, 3, 79.0, 3),
(181, 12, 95.0, 3),
(182, 1, 92.0, 3),
(182, 15, 93.0, 1),
(182, 7, 76.0, 1),
(182, 14, 78.0, 1),
(182, 9, 82.0, 3),
(183, 17, 80.0, 2),
(183, 13, 81.0, 2),
(183, 3, 75.0, 3),
(183, 1, 89.0, 2),
(183, 8, 99.0, 1),
(184, 12, 78.0, 3),
(184, 11, 92.0, 2),
(184, 4, 78.0, 2),
(185, 5, 97.0, 3),
(185, 4, 97.0, 3),
(185, 11, 85.0, 3),
(186, 14, 75.0, 1),
(186, 4, 89.0, 2),
(186, 10, 83.0, 2),
(187, 14, 87.0, 1),
(187, 6, 94.0, 1),
(187, 5, 83.0, 1),
(187, 7, 97.0, 3),
(187, 4, 81.0, 3),
(188, 14, 83.0, 1),
(188, 4, 76.0, 1),
(188, 7, 84.0, 2),
(189, 12, 94.0, 1),
(189, 18, 82.0, 1),
(189, 6, 88.0, 1),
(189, 10, 95.0, 1),
(190, 8, 80.0, 2),
(190, 14, 75.0, 2),
(190, 17, 88.0, 3),
(190, 5, 79.0, 1),
(190, 7, 93.0, 2),
(191, 12, 80.0, 1),
(191, 5, 90.0, 1),
(191, 18, 83.0, 1),
(191, 13, 95.0, 1),
(191, 1, 85.0, 3),
(192, 14, 83.0, 3),
(192, 6, 89.0, 2),
(192, 18, 77.0, 2),
(193, 7, 94.0, 3),
(193, 10, 85.0, 2),
(194, 18, 87.0, 3),
(194, 2, 84.0, 3),
(194, 4, 81.0, 2),
(195, 16, 90.0, 3),
(195, 8, 92.0, 1),
(195, 18, 75.0, 3),
(195, 2, 94.0, 2),
(196, 8, 95.0, 2),
(196, 18, 86.0, 2),
(196, 2, 95.0, 2),
(197, 16, 86.0, 1),
(197, 3, 78.0, 3),
(198, 5, 86.0, 3),
(198, 13, 87.0, 2),
(198, 4, 80.0, 3),
(198, 16, 86.0, 2),
(198, 11, 89.0, 1),
(199, 18, 93.0, 2),
(199, 6, 85.0, 3),
(199, 7, 89.0, 3),
(200, 8, 97.0, 2),
(200, 7, 93.0, 2),
(201, 1, 99.0, 2),
(201, 10, 87.0, 3),
(201, 13, 76.0, 2),
(202, 16, 91.0, 1),
(202, 3, 98.0, 1),
(202, 12, 88.0, 2),
(202, 9, 85.0, 3),
(203, 13, 96.0, 3),
(203, 2, 77.0, 1),
(203, 14, 76.0, 2),
(204, 11, 93.0, 2),
(204, 17, 77.0, 3),
(204, 16, 78.0, 2),
(205, 1, 92.0, 3),
(205, 6, 92.0, 1),
(205, 12, 95.0, 1),
(205, 10, 85.0, 2),
(206, 2, 98.0, 3),
(206, 11, 99.0, 2),
(206, 10, 76.0, 1),
(206, 12, 79.0, 2),
(207, 12, 96.0, 1),
(207, 3, 91.0, 3),
(208, 2, 91.0, 1),
(208, 12, 98.0, 1),
(208, 4, 86.0, 1),
(209, 8, 76.0, 3),
(209, 1, 80.0, 3),
(209, 5, 95.0, 2),
(210, 8, 78.0, 2),
(210, 6, 81.0, 2),
(211, 8, 88.0, 3),
(211, 3, 78.0, 2),
(211, 2, 90.0, 3),
(212, 3, 94.0, 1),
(212, 7, 80.0, 3),
(212, 14, 83.0, 2),
(212, 2, 89.0, 1),
(212, 17, 88.0, 3),
(213, 2, 77.0, 1),
(213, 9, 80.0, 2),
(213, 12, 76.0, 3),
(213, 4, 89.0, 1),
(214, 12, 98.0, 2),
(214, 10, 83.0, 3),
(215, 11, 77.0, 3),
(215, 1, 90.0, 1),
(215, 6, 76.0, 2),
(215, 10, 79.0, 2),
(216, 14, 83.0, 3),
(216, 15, 88.0, 1),
(217, 17, 95.0, 1),
(217, 2, 97.0, 2),
(217, 4, 82.0, 3),
(217, 7, 94.0, 2),
(218, 1, 84.0, 3),
(218, 11, 86.0, 1),
(218, 4, 93.0, 3),
(218, 9, 89.0, 2),
(219, 8, 94.0, 1),
(219, 17, 80.0, 1),
(219, 7, 99.0, 1),
(220, 15, 75.0, 2),
(220, 9, 78.0, 1),
(220, 8, 85.0, 3),
(221, 10, 82.0, 2),
(221, 12, 84.0, 2),
(221, 4, 84.0, 1),
(221, 3, 87.0, 2),
(222, 18, 77.0, 1),
(222, 17, 80.0, 1),
(222, 8, 91.0, 2),
(223, 3, 87.0, 3),
(223, 2, 91.0, 3),
(223, 7, 90.0, 1),
(223, 16, 83.0, 3),
(224, 14, 98.0, 2),
(224, 18, 99.0, 3),
(224, 11, 76.0, 2),
(225, 11, 83.0, 2),
(225, 6, 75.0, 2),
(225, 17, 81.0, 2),
(226, 1, 92.0, 1),
(226, 6, 84.0, 3),
(226, 5, 95.0, 3),
(226, 12, 97.0, 2),
(227, 17, 85.0, 3),
(227, 1, 81.0, 3),
(228, 16, 76.0, 3),
(228, 8, 95.0, 1),
(228, 1, 90.0, 3),
(229, 11, 91.0, 2),
(229, 18, 84.0, 1),
(229, 12, 85.0, 2),
(229, 4, 83.0, 2),
(230, 11, 79.0, 2),
(230, 14, 83.0, 3),
(230, 4, 76.0, 3),
(231, 4, 79.0, 3),
(231, 13, 86.0, 2),
(231, 14, 86.0, 3),
(232, 9, 88.0, 1),
(232, 3, 75.0, 3),
(233, 2, 87.0, 1),
(233, 5, 97.0, 3),
(233, 11, 83.0, 1),
(233, 14, 87.0, 2),
(234, 13, 80.0, 2),
(234, 6, 82.0, 3),
(234, 11, 95.0, 1),
(234, 14, 78.0, 3),
(235, 3, 95.0, 3),
(235, 12, 89.0, 3),
(235, 1, 75.0, 2),
(235, 17, 80.0, 1),
(235, 8, 90.0, 2),
(236, 3, 92.0, 1),
(236, 5, 89.0, 1),
(236, 13, 83.0, 3),
(237, 17, 83.0, 3),
(237, 15, 99.0, 3),
(237, 5, 98.0, 1),
(237, 8, 79.0, 1),
(237, 4, 81.0, 2),
(238, 10, 98.0, 1),
(238, 14, 84.0, 3),
(238, 16, 93.0, 2),
(239, 8, 77.0, 2),
(239, 6, 89.0, 2),
(239, 12, 86.0, 1),
(239, 4, 98.0, 2),
(240, 8, 88.0, 1),
(240, 1, 96.0, 2),
(240, 9, 83.0, 2),
(240, 5, 84.0, 3),
(240, 10, 83.0, 3),
(241, 16, 86.0, 1),
(241, 14, 83.0, 3),
(241, 15, 86.0, 1),
(241, 8, 79.0, 2),
(241, 7, 83.0, 3),
(242, 10, 99.0, 2),
(242, 18, 81.0, 1),
(242, 14, 92.0, 1),
(242, 13, 91.0, 3),
(242, 1, 95.0, 3),
(243, 12, 99.0, 1),
(243, 5, 75.0, 3),
(244, 7, 84.0, 2),
(244, 6, 96.0, 2),
(244, 9, 85.0, 2),
(245, 1, 91.0, 3),
(245, 13, 91.0, 2),
(245, 3, 94.0, 2),
(246, 12, 99.0, 1),
(246, 16, 82.0, 3),
(246, 9, 89.0, 3),
(247, 5, 92.0, 2),
(247, 11, 79.0, 1),
(247, 4, 94.0, 1),
(248, 17, 75.0, 1),
(248, 7, 82.0, 3),
(249, 8, 92.0, 1),
(249, 4, 83.0, 3),
(249, 17, 79.0, 1),
(249, 5, 91.0, 3),
(250, 7, 92.0, 3),
(250, 16, 93.0, 2),
(250, 17, 82.0, 3),
(251, 15, 81.0, 2),
(251, 17, 84.0, 1),
(252, 11, 95.0, 2),
(252, 9, 95.0, 1),
(252, 3, 75.0, 3),
(252, 4, 88.0, 3),
(253, 10, 77.0, 2),
(253, 8, 83.0, 2),
(253, 9, 92.0, 2),
(254, 12, 93.0, 2),
(254, 6, 90.0, 3),
(255, 18, 80.0, 2),
(255, 6, 85.0, 3),
(255, 1, 94.0, 1),
(255, 5, 85.0, 2),
(255, 9, 95.0, 3),
(256, 2, 90.0, 3),
(256, 7, 99.0, 2),
(257, 13, 81.0, 3),
(257, 18, 76.0, 1),
(257, 6, 75.0, 1),
(257, 1, 76.0, 2),
(258, 9, 92.0, 1),
(258, 8, 91.0, 2),
(258, 12, 99.0, 1),
(259, 3, 86.0, 3),
(259, 6, 83.0, 2),
(260, 2, 95.0, 1),
(260, 1, 83.0, 2),
(260, 13, 79.0, 1),
(260, 7, 82.0, 3),
(260, 12, 78.0, 2),
(261, 5, 88.0, 1),
(261, 11, 96.0, 2),
(261, 18, 85.0, 1),
(262, 7, 76.0, 2),
(262, 5, 79.0, 1),
(262, 11, 98.0, 1),
(262, 13, 78.0, 2),
(262, 12, 93.0, 1),
(263, 16, 94.0, 1),
(263, 17, 82.0, 3),
(263, 9, 86.0, 1),
(264, 13, 79.0, 3),
(264, 12, 85.0, 1),
(265, 2, 82.0, 2),
(265, 5, 95.0, 2),
(265, 17, 95.0, 2),
(265, 4, 97.0, 2),
(266, 16, 76.0, 2),
(266, 18, 84.0, 1),
(267, 6, 77.0, 1),
(267, 14, 95.0, 1),
(267, 16, 76.0, 3),
(267, 3, 94.0, 1),
(267, 11, 77.0, 1),
(268, 5, 91.0, 1),
(268, 8, 84.0, 3),
(269, 14, 82.0, 3),
(269, 7, 99.0, 1),
(269, 1, 86.0, 3),
(269, 3, 79.0, 3),
(270, 16, 81.0, 2),
(270, 15, 98.0, 3),
(270, 8, 79.0, 2),
(271, 7, 85.0, 3),
(271, 11, 91.0, 3),
(271, 12, 87.0, 3),
(272, 7, 94.0, 3),
(272, 14, 80.0, 3),
(272, 4, 79.0, 2),
(273, 11, 89.0, 2),
(273, 16, 89.0, 3),
(274, 8, 90.0, 1),
(274, 9, 93.0, 1),
(274, 3, 95.0, 3),
(275, 10, 96.0, 1),
(275, 1, 84.0, 2),
(275, 9, 99.0, 3),
(276, 2, 81.0, 1),
(276, 4, 84.0, 1),
(276, 11, 99.0, 1),
(276, 14, 90.0, 1),
(277, 10, 77.0, 3),
(277, 6, 88.0, 2),
(278, 14, 94.0, 2),
(278, 3, 80.0, 1),
(279, 12, 96.0, 1),
(279, 5, 96.0, 2),
(279, 3, 85.0, 1),
(280, 9, 76.0, 3),
(280, 15, 92.0, 1),
(281, 12, 94.0, 2),
(281, 18, 95.0, 2),
(281, 9, 87.0, 1),
(282, 9, 82.0, 1),
(282, 15, 75.0, 3),
(282, 10, 85.0, 2),
(282, 3, 84.0, 1),
(282, 5, 95.0, 1),
(283, 3, 96.0, 2),
(283, 15, 87.0, 1),
(283, 5, 87.0, 1),
(283, 11, 87.0, 3),
(284, 10, 96.0, 3),
(284, 11, 88.0, 1),
(284, 8, 84.0, 3),
(284, 9, 79.0, 2),
(285, 3, 84.0, 3),
(285, 11, 89.0, 1),
(285, 13, 91.0, 2),
(285, 16, 75.0, 3),
(286, 8, 93.0, 3),
(286, 14, 92.0, 3),
(287, 18, 87.0, 2),
(287, 15, 94.0, 3),
(287, 17, 89.0, 1),
(287, 13, 77.0, 1),
(288, 16, 99.0, 2),
(288, 1, 92.0, 2),
(289, 10, 77.0, 2),
(289, 12, 75.0, 2),
(290, 12, 99.0, 1),
(290, 2, 89.0, 3),
(291, 2, 96.0, 2),
(291, 4, 98.0, 3),
(291, 12, 95.0, 3),
(291, 1, 98.0, 2),
(292, 17, 84.0, 3),
(292, 4, 79.0, 3),
(292, 18, 78.0, 1),
(293, 1, 83.0, 2),
(293, 16, 90.0, 3),
(294, 7, 79.0, 2),
(294, 5, 75.0, 2),
(294, 6, 79.0, 3),
(295, 12, 87.0, 1),
(295, 15, 99.0, 1),
(295, 14, 97.0, 1),
(295, 8, 99.0, 3),
(296, 8, 80.0, 3),
(296, 16, 87.0, 2),
(297, 3, 79.0, 2),
(297, 16, 81.0, 3),
(297, 1, 75.0, 2),
(297, 18, 93.0, 3),
(297, 4, 77.0, 3),
(298, 12, 82.0, 3),
(298, 11, 94.0, 2),
(298, 10, 82.0, 1),
(298, 16, 83.0, 1),
(298, 9, 80.0, 1),
(299, 15, 84.0, 1),
(299, 4, 97.0, 1),
(300, 8, 97.0, 3),
(300, 1, 89.0, 3),
(301, 4, 88.0, 1),
(301, 11, 85.0, 2),
(302, 6, 77.0, 2),
(302, 1, 75.0, 3),
(303, 12, 77.0, 2),
(303, 8, 84.0, 2),
(303, 5, 91.0, 2),
(304, 14, 92.0, 2),
(304, 15, 99.0, 2),
(304, 7, 75.0, 2),
(305, 7, 80.0, 2),
(305, 8, 77.0, 2),
(306, 1, 77.0, 3),
(306, 4, 92.0, 2),
(307, 12, 93.0, 1),
(307, 3, 78.0, 1),
(307, 18, 87.0, 1),
(307, 17, 85.0, 3),
(308, 5, 90.0, 1),
(308, 13, 92.0, 2),
(308, 7, 89.0, 2),
(308, 16, 97.0, 1),
(309, 8, 97.0, 2),
(309, 16, 95.0, 1),
(309, 1, 82.0, 2),
(309, 12, 86.0, 1),
(310, 5, 88.0, 3),
(310, 15, 91.0, 1),
(310, 2, 83.0, 1),
(310, 7, 98.0, 2),
(310, 4, 99.0, 3),
(311, 10, 79.0, 3),
(311, 15, 87.0, 2),
(312, 15, 88.0, 3),
(312, 3, 77.0, 3),
(313, 12, 79.0, 1),
(313, 17, 85.0, 1),
(313, 9, 80.0, 1),
(314, 5, 96.0, 3),
(314, 10, 80.0, 2),
(315, 17, 97.0, 1),
(315, 9, 96.0, 2),
(315, 8, 97.0, 1),
(316, 15, 98.0, 3),
(316, 13, 97.0, 1),
(316, 9, 98.0, 1),
(316, 7, 97.0, 3),
(317, 11, 78.0, 2),
(317, 16, 82.0, 1),
(317, 13, 90.0, 3),
(318, 16, 84.0, 2),
(318, 10, 76.0, 2),
(318, 3, 94.0, 2),
(318, 4, 97.0, 2),
(319, 7, 82.0, 2),
(319, 5, 88.0, 3),
(319, 6, 83.0, 1),
(319, 13, 88.0, 2),
(320, 18, 82.0, 1),
(320, 13, 78.0, 2),
(320, 11, 92.0, 2),
(320, 16, 88.0, 1),
(321, 4, 86.0, 1),
(321, 3, 90.0, 2),
(321, 18, 84.0, 1),
(322, 7, 89.0, 3),
(322, 18, 95.0, 3),
(322, 8, 94.0, 2),
(322, 14, 78.0, 1),
(323, 12, 95.0, 3),
(323, 11, 76.0, 1),
(324, 4, 76.0, 3),
(324, 17, 97.0, 1),
(325, 15, 92.0, 2),
(325, 11, 82.0, 3),
(325, 9, 92.0, 2),
(325, 6, 78.0, 3),
(326, 15, 92.0, 2),
(326, 3, 88.0, 3),
(326, 16, 94.0, 3),
(327, 3, 80.0, 3),
(327, 14, 98.0, 1),
(327, 11, 82.0, 3),
(327, 18, 84.0, 1),
(327, 16, 98.0, 2),
(328, 7, 88.0, 3),
(328, 1, 77.0, 2),
(328, 12, 90.0, 2),
(328, 14, 96.0, 1),
(329, 15, 82.0, 3),
(329, 13, 75.0, 2),
(330, 9, 87.0, 2),
(330, 2, 84.0, 3),
(330, 14, 78.0, 3),
(331, 7, 85.0, 2),
(331, 14, 93.0, 2),
(332, 5, 86.0, 1),
(332, 10, 75.0, 3),
(333, 18, 98.0, 1),
(333, 9, 98.0, 3),
(334, 9, 79.0, 1),
(334, 8, 92.0, 1),
(334, 15, 97.0, 3),
(335, 12, 79.0, 2),
(335, 7, 96.0, 3),
(335, 17, 94.0, 2),
(336, 9, 84.0, 1),
(336, 12, 77.0, 2),
(336, 17, 91.0, 2),
(336, 18, 77.0, 3),
(337, 15, 94.0, 2),
(337, 4, 94.0, 2),
(337, 16, 88.0, 2),
(338, 4, 96.0, 3),
(338, 18, 95.0, 1),
(339, 11, 93.0, 2),
(339, 8, 96.0, 2),
(339, 1, 82.0, 2),
(340, 1, 88.0, 1),
(340, 10, 76.0, 1),
(341, 2, 76.0, 3),
(341, 8, 75.0, 3),
(341, 5, 99.0, 3),
(342, 17, 76.0, 1),
(342, 5, 91.0, 1),
(342, 15, 75.0, 1),
(342, 12, 80.0, 3),
(343, 2, 76.0, 2),
(343, 12, 76.0, 3),
(343, 6, 93.0, 3),
(343, 8, 83.0, 2),
(344, 7, 80.0, 2),
(344, 11, 92.0, 2),
(344, 12, 93.0, 3),
(344, 3, 82.0, 3),
(345, 10, 88.0, 2),
(345, 3, 85.0, 3),
(346, 6, 81.0, 2),
(346, 4, 87.0, 2),
(346, 8, 98.0, 1),
(347, 10, 99.0, 2),
(347, 15, 88.0, 3),
(347, 7, 98.0, 3),
(347, 2, 80.0, 1),
(348, 8, 96.0, 3),
(348, 12, 96.0, 2),
(348, 2, 79.0, 2),
(349, 2, 99.0, 3),
(349, 4, 82.0, 2),
(349, 10, 85.0, 2),
(350, 10, 80.0, 1),
(350, 3, 90.0, 2),
(350, 16, 79.0, 1),
(350, 6, 83.0, 3),
(351, 16, 89.0, 2),
(351, 3, 91.0, 1),
(351, 2, 91.0, 2),
(352, 4, 87.0, 3),
(352, 10, 96.0, 1),
(352, 13, 77.0, 3),
(353, 9, 98.0, 3),
(353, 15, 97.0, 2),
(353, 16, 83.0, 2),
(353, 17, 84.0, 1),
(354, 16, 96.0, 1),
(354, 6, 96.0, 3),
(354, 1, 94.0, 3),
(354, 13, 95.0, 3),
(355, 5, 84.0, 3),
(355, 6, 94.0, 1),
(355, 11, 85.0, 2),
(355, 14, 90.0, 3),
(356, 1, 80.0, 1),
(356, 11, 85.0, 1),
(356, 9, 93.0, 1),
(356, 10, 84.0, 1),
(357, 5, 77.0, 3),
(357, 7, 97.0, 1),
(357, 3, 95.0, 2),
(357, 4, 95.0, 1),
(357, 12, 94.0, 3),
(358, 4, 81.0, 3),
(358, 11, 95.0, 1),
(358, 8, 95.0, 2),
(359, 12, 80.0, 1),
(359, 2, 97.0, 3),
(359, 10, 88.0, 1),
(360, 11, 84.0, 2),
(360, 12, 78.0, 3),
(360, 15, 94.0, 1),
(361, 11, 85.0, 1),
(361, 10, 97.0, 2),
(361, 14, 89.0, 3),
(362, 10, 92.0, 3),
(362, 7, 88.0, 1),
(362, 4, 99.0, 3),
(362, 3, 92.0, 1),
(363, 3, 95.0, 3),
(363, 18, 94.0, 1),
(363, 7, 87.0, 3),
(364, 1, 76.0, 2),
(364, 4, 93.0, 3),
(364, 17, 89.0, 1),
(364, 14, 88.0, 3),
(365, 2, 75.0, 2),
(365, 8, 99.0, 2),
(365, 17, 78.0, 3),
(365, 12, 85.0, 1),
(366, 15, 85.0, 2),
(366, 7, 79.0, 3),
(366, 2, 89.0, 3),
(367, 17, 78.0, 2),
(367, 10, 97.0, 2),
(367, 9, 97.0, 3),
(368, 2, 95.0, 2),
(368, 16, 84.0, 1),
(368, 10, 98.0, 3),
(369, 6, 85.0, 3),
(369, 2, 89.0, 2),
(369, 9, 99.0, 3),
(370, 10, 77.0, 2),
(370, 18, 89.0, 3),
(371, 2, 78.0, 2),
(371, 7, 94.0, 3),
(371, 1, 90.0, 1),
(372, 4, 79.0, 1),
(372, 12, 78.0, 3),
(373, 15, 79.0, 2),
(373, 13, 93.0, 2),
(373, 3, 84.0, 1),
(374, 12, 94.0, 1),
(374, 11, 81.0, 3),
(374, 5, 90.0, 3),
(374, 1, 99.0, 1),
(375, 9, 85.0, 2),
(375, 18, 91.0, 2),
(375, 6, 92.0, 3),
(375, 17, 97.0, 2),
(376, 11, 91.0, 2),
(376, 9, 97.0, 3),
(376, 7, 80.0, 1),
(377, 18, 75.0, 2),
(377, 7, 86.0, 2),
(377, 4, 89.0, 3),
(377, 10, 92.0, 1),
(378, 14, 75.0, 2),
(378, 13, 82.0, 3),
(378, 10, 89.0, 3),
(379, 15, 98.0, 3),
(379, 12, 87.0, 2),
(379, 16, 79.0, 2),
(380, 15, 99.0, 2),
(380, 5, 99.0, 3),
(380, 9, 95.0, 1),
(380, 13, 92.0, 1),
(381, 4, 80.0, 2),
(381, 1, 76.0, 2),
(381, 11, 89.0, 3),
(381, 17, 80.0, 1),
(382, 7, 78.0, 3),
(382, 9, 78.0, 2),
(382, 2, 78.0, 3),
(382, 3, 93.0, 2),
(383, 18, 88.0, 1),
(383, 2, 91.0, 2),
(384, 8, 88.0, 2),
(384, 16, 93.0, 2),
(384, 4, 93.0, 3),
(384, 18, 91.0, 1),
(385, 6, 98.0, 2),
(385, 4, 77.0, 2),
(386, 6, 86.0, 3),
(386, 13, 95.0, 1),
(386, 5, 79.0, 1),
(386, 2, 86.0, 1),
(387, 5, 84.0, 2),
(387, 11, 81.0, 3),
(387, 3, 88.0, 3),
(388, 8, 81.0, 1),
(388, 17, 83.0, 2),
(388, 3, 82.0, 1),
(388, 15, 97.0, 1),
(389, 7, 97.0, 1),
(389, 16, 98.0, 1),
(389, 3, 76.0, 2),
(389, 1, 83.0, 3),
(390, 4, 78.0, 3),
(390, 3, 85.0, 1),
(390, 8, 88.0, 3),
(391, 5, 76.0, 3),
(391, 1, 76.0, 3),
(391, 8, 88.0, 1),
(392, 12, 89.0, 2),
(392, 14, 96.0, 2),
(392, 5, 78.0, 3),
(392, 4, 83.0, 1),
(392, 10, 79.0, 3),
(393, 10, 76.0, 1),
(393, 13, 77.0, 1),
(393, 9, 94.0, 2),
(394, 7, 98.0, 3),
(394, 2, 76.0, 3),
(394, 11, 96.0, 2),
(395, 17, 96.0, 2),
(395, 16, 75.0, 3),
(395, 1, 94.0, 2),
(395, 8, 92.0, 2),
(396, 5, 96.0, 3),
(396, 8, 95.0, 2),
(397, 5, 84.0, 1),
(397, 17, 79.0, 2),
(398, 12, 94.0, 3),
(398, 6, 84.0, 2),
(398, 13, 79.0, 3),
(398, 1, 89.0, 2),
(399, 6, 75.0, 3),
(399, 13, 95.0, 3),
(400, 3, 96.0, 2),
(400, 13, 95.0, 1),
(400, 9, 96.0, 2),
(401, 3, 98.0, 2),
(401, 14, 76.0, 2),
(401, 6, 96.0, 3),
(402, 17, 85.0, 3),
(402, 10, 91.0, 3),
(402, 18, 82.0, 2),
(403, 17, 75.0, 3),
(403, 2, 94.0, 3),
(403, 8, 92.0, 2),
(403, 9, 89.0, 2),
(403, 16, 85.0, 1),
(404, 8, 78.0, 3),
(404, 18, 83.0, 2),
(404, 5, 76.0, 3),
(404, 2, 99.0, 2),
(404, 13, 96.0, 3),
(405, 16, 88.0, 2),
(405, 18, 94.0, 3),
(405, 10, 99.0, 1),
(405, 8, 75.0, 3),
(406, 15, 90.0, 1),
(406, 10, 91.0, 3),
(406, 13, 84.0, 2),
(406, 17, 94.0, 3),
(407, 4, 87.0, 1),
(407, 18, 98.0, 3),
(407, 10, 96.0, 3),
(407, 3, 90.0, 1),
(408, 11, 87.0, 1),
(408, 2, 96.0, 3),
(408, 9, 98.0, 2),
(408, 13, 82.0, 1),
(409, 16, 76.0, 3),
(409, 8, 93.0, 1),
(409, 14, 88.0, 2),
(409, 5, 93.0, 3),
(410, 8, 81.0, 3),
(410, 6, 87.0, 2),
(411, 5, 98.0, 3),
(411, 17, 89.0, 1),
(411, 1, 92.0, 2),
(412, 6, 95.0, 2),
(412, 18, 90.0, 2),
(412, 1, 89.0, 1),
(413, 4, 76.0, 3),
(413, 8, 79.0, 2),
(413, 5, 82.0, 1),
(414, 6, 79.0, 1),
(414, 15, 98.0, 3),
(414, 2, 97.0, 1),
(415, 3, 94.0, 2),
(415, 1, 90.0, 1),
(415, 9, 96.0, 3),
(416, 7, 92.0, 1),
(416, 8, 87.0, 1),
(417, 8, 87.0, 2),
(417, 13, 78.0, 2),
(418, 16, 93.0, 3),
(418, 10, 81.0, 3),
(418, 14, 77.0, 2),
(419, 11, 86.0, 1),
(419, 7, 80.0, 2),
(419, 10, 80.0, 1),
(419, 15, 82.0, 2),
(420, 8, 94.0, 1),
(420, 5, 76.0, 1),
(420, 6, 94.0, 2),
(420, 3, 85.0, 3),
(421, 1, 91.0, 3),
(421, 5, 94.0, 1),
(422, 9, 87.0, 1),
(422, 5, 88.0, 1),
(423, 16, 89.0, 3),
(423, 10, 78.0, 1),
(423, 6, 82.0, 1),
(423, 12, 92.0, 3),
(424, 15, 91.0, 1),
(424, 1, 83.0, 1),
(424, 10, 84.0, 2),
(425, 7, 88.0, 2),
(425, 6, 80.0, 1),
(426, 1, 91.0, 3),
(426, 17, 93.0, 2),
(426, 9, 78.0, 2),
(427, 16, 78.0, 2),
(427, 12, 80.0, 1),
(427, 3, 80.0, 1),
(427, 2, 79.0, 3),
(428, 2, 76.0, 1),
(428, 12, 86.0, 1),
(429, 1, 75.0, 2),
(429, 11, 85.0, 3),
(430, 9, 79.0, 3),
(430, 13, 86.0, 1),
(431, 18, 87.0, 3),
(431, 4, 99.0, 2),
(431, 11, 81.0, 1),
(432, 2, 95.0, 1),
(432, 13, 98.0, 1),
(432, 16, 88.0, 3),
(432, 18, 80.0, 1),
(432, 4, 87.0, 2),
(433, 9, 86.0, 1),
(433, 12, 79.0, 1),
(433, 18, 83.0, 2),
(434, 13, 93.0, 3),
(434, 3, 79.0, 3),
(434, 5, 77.0, 2),
(434, 8, 79.0, 2),
(435, 17, 97.0, 1),
(435, 15, 80.0, 1),
(435, 11, 78.0, 2),
(436, 12, 89.0, 2),
(436, 14, 91.0, 2),
(436, 17, 94.0, 1),
(436, 9, 81.0, 3),
(437, 1, 92.0, 1),
(437, 3, 94.0, 1),
(437, 5, 77.0, 3),
(437, 17, 76.0, 3),
(438, 15, 79.0, 2),
(438, 16, 89.0, 3),
(438, 7, 89.0, 1),
(438, 4, 92.0, 3),
(438, 3, 75.0, 2),
(439, 15, 92.0, 3),
(439, 11, 84.0, 1),
(439, 9, 79.0, 1),
(439, 1, 83.0, 1),
(439, 16, 90.0, 2),
(440, 8, 78.0, 1),
(440, 14, 77.0, 3),
(440, 10, 89.0, 2),
(441, 17, 96.0, 2),
(441, 9, 95.0, 3),
(442, 12, 80.0, 1),
(442, 7, 83.0, 2),
(442, 14, 90.0, 1),
(443, 7, 82.0, 3),
(443, 14, 83.0, 3),
(443, 2, 97.0, 1),
(444, 4, 87.0, 3),
(444, 7, 89.0, 2),
(445, 13, 96.0, 1),
(445, 2, 98.0, 3),
(445, 11, 83.0, 3),
(446, 4, 87.0, 2),
(446, 17, 80.0, 1),
(447, 7, 84.0, 1),
(447, 10, 93.0, 1),
(448, 5, 82.0, 1),
(448, 17, 89.0, 3),
(448, 3, 83.0, 1),
(449, 3, 94.0, 2),
(449, 13, 99.0, 3),
(449, 6, 81.0, 3),
(449, 5, 76.0, 1),
(450, 3, 89.0, 2),
(450, 4, 84.0, 2),
(450, 13, 98.0, 1),
(450, 18, 97.0, 2),
(451, 11, 83.0, 1),
(451, 2, 92.0, 2),
(451, 17, 90.0, 3),
(452, 5, 92.0, 3),
(452, 13, 91.0, 1),
(452, 4, 92.0, 3),
(453, 2, 90.0, 3),
(453, 9, 98.0, 1),
(453, 13, 89.0, 2),
(453, 16, 93.0, 1),
(454, 10, 80.0, 2),
(454, 11, 87.0, 2),
(454, 15, 84.0, 3),
(455, 7, 86.0, 2),
(455, 3, 86.0, 1),
(455, 12, 98.0, 3),
(455, 6, 89.0, 3),
(456, 5, 90.0, 1),
(456, 3, 84.0, 2),
(456, 15, 77.0, 1),
(457, 4, 90.0, 2),
(457, 6, 88.0, 2),
(457, 1, 78.0, 1),
(458, 7, 95.0, 1),
(458, 13, 94.0, 2),
(459, 13, 86.0, 3),
(459, 1, 75.0, 3),
(459, 10, 82.0, 1),
(459, 16, 75.0, 2),
(460, 14, 84.0, 1),
(460, 15, 88.0, 2),
(460, 12, 82.0, 2),
(461, 16, 89.0, 2),
(461, 4, 94.0, 2),
(461, 5, 92.0, 1),
(462, 10, 80.0, 3),
(462, 18, 94.0, 2),
(463, 17, 82.0, 2),
(463, 9, 92.0, 1),
(463, 4, 93.0, 1),
(464, 7, 89.0, 3),
(464, 16, 77.0, 3),
(464, 14, 86.0, 3),
(465, 8, 97.0, 1),
(465, 3, 85.0, 2),
(465, 7, 88.0, 2),
(466, 14, 93.0, 3),
(466, 1, 83.0, 2),
(467, 1, 79.0, 1),
(467, 2, 86.0, 2),
(467, 4, 95.0, 2),
(468, 16, 97.0, 2),
(468, 4, 77.0, 1),
(468, 15, 99.0, 1),
(468, 5, 98.0, 1),
(469, 4, 85.0, 1),
(469, 3, 97.0, 3),
(470, 9, 95.0, 2),
(470, 13, 82.0, 1),
(471, 15, 82.0, 3),
(471, 10, 85.0, 3),
(472, 7, 81.0, 1),
(472, 9, 80.0, 1),
(472, 15, 77.0, 1),
(473, 13, 96.0, 1),
(473, 9, 91.0, 3),
(473, 17, 76.0, 1),
(474, 2, 91.0, 3),
(474, 3, 91.0, 3),
(474, 16, 85.0, 2),
(475, 8, 95.0, 2),
(475, 3, 82.0, 3),
(475, 17, 95.0, 1),
(476, 12, 81.0, 1),
(476, 1, 93.0, 1),
(476, 8, 76.0, 2),
(477, 10, 94.0, 3),
(477, 5, 97.0, 3),
(477, 15, 75.0, 1),
(477, 1, 96.0, 2),
(478, 14, 89.0, 3),
(478, 1, 92.0, 2),
(479, 3, 81.0, 1),
(479, 14, 97.0, 3),
(479, 1, 78.0, 1),
(480, 9, 99.0, 1),
(480, 1, 86.0, 2),
(480, 10, 91.0, 1),
(481, 4, 89.0, 2),
(481, 12, 96.0, 1),
(481, 9, 80.0, 2),
(481, 1, 75.0, 1),
(482, 18, 91.0, 2),
(482, 14, 78.0, 2),
(482, 5, 91.0, 1),
(483, 18, 96.0, 3),
(483, 16, 92.0, 1),
(483, 5, 76.0, 3),
(483, 1, 89.0, 3),
(484, 2, 76.0, 2),
(484, 10, 91.0, 3),
(484, 1, 90.0, 2),
(484, 9, 84.0, 3),
(485, 5, 89.0, 3),
(485, 1, 95.0, 2),
(485, 15, 95.0, 1),
(485, 6, 97.0, 3),
(486, 13, 86.0, 3),
(486, 10, 84.0, 1),
(487, 18, 85.0, 1),
(487, 16, 87.0, 3),
(487, 14, 82.0, 2),
(488, 17, 75.0, 3),
(488, 3, 89.0, 1),
(488, 15, 92.0, 3),
(489, 6, 77.0, 3),
(489, 2, 83.0, 3),
(489, 8, 96.0, 1),
(490, 7, 82.0, 3),
(490, 11, 83.0, 2),
(491, 12, 76.0, 1),
(491, 5, 75.0, 3),
(491, 14, 91.0, 3),
(491, 13, 78.0, 3),
(492, 4, 79.0, 1),
(492, 18, 99.0, 2),
(492, 10, 86.0, 2),
(492, 5, 93.0, 3),
(492, 9, 84.0, 3),
(493, 16, 83.0, 1),
(493, 4, 85.0, 1),
(493, 9, 96.0, 1),
(493, 7, 94.0, 2),
(494, 1, 82.0, 1),
(494, 17, 85.0, 3),
(495, 18, 82.0, 1),
(495, 10, 80.0, 1),
(495, 15, 87.0, 3),
(496, 18, 93.0, 1),
(496, 7, 83.0, 2),
(496, 16, 90.0, 3),
(497, 17, 94.0, 3),
(497, 5, 81.0, 3),
(497, 12, 83.0, 1),
(497, 4, 81.0, 2),
(497, 7, 80.0, 2),
(498, 17, 86.0, 2),
(498, 7, 88.0, 2),
(498, 10, 96.0, 2),
(499, 13, 75.0, 2),
(499, 12, 84.0, 2),
(499, 18, 89.0, 3),
(500, 15, 84.0, 2),
(500, 8, 82.0, 2),
(500, 7, 77.0, 2),
(500, 5, 76.0, 2),
(500, 6, 77.0, 2),
(501, 14, 77.0, 1),
(501, 11, 82.0, 1),
(501, 15, 92.0, 3),
(502, 7, 77.0, 1),
(502, 18, 83.0, 1),
(502, 3, 76.0, 1),
(502, 8, 75.0, 1),
(503, 12, 89.0, 2),
(503, 7, 96.0, 2),
(504, 5, 91.0, 3),
(504, 9, 99.0, 1),
(505, 16, 84.0, 1),
(505, 11, 98.0, 2),
(505, 13, 98.0, 3),
(505, 10, 94.0, 3),
(506, 7, 75.0, 3),
(506, 11, 76.0, 3),
(506, 12, 99.0, 1),
(507, 1, 96.0, 3),
(507, 9, 80.0, 3),
(507, 6, 87.0, 3),
(508, 15, 85.0, 3),
(508, 2, 79.0, 2),
(509, 8, 76.0, 2),
(509, 3, 91.0, 3),
(510, 14, 98.0, 3),
(510, 13, 77.0, 1),
(510, 2, 97.0, 3),
(511, 9, 96.0, 2),
(511, 16, 81.0, 1),
(512, 1, 75.0, 2),
(512, 8, 88.0, 2),
(512, 9, 88.0, 1),
(513, 7, 98.0, 1),
(513, 14, 76.0, 1),
(513, 3, 86.0, 1),
(514, 10, 83.0, 3),
(514, 7, 90.0, 3),
(514, 6, 94.0, 1),
(515, 2, 83.0, 3),
(515, 8, 98.0, 1),
(516, 6, 83.0, 3),
(516, 9, 98.0, 3),
(516, 4, 78.0, 1),
(517, 4, 80.0, 1),
(517, 1, 81.0, 3),
(517, 17, 90.0, 1),
(517, 3, 79.0, 2),
(517, 10, 75.0, 2),
(518, 18, 92.0, 3),
(518, 6, 97.0, 3),
(518, 4, 99.0, 2),
(519, 9, 85.0, 1),
(519, 11, 83.0, 3),
(519, 8, 96.0, 1),
(520, 1, 95.0, 1),
(520, 16, 83.0, 1),
(521, 15, 97.0, 3),
(521, 16, 75.0, 3),
(521, 9, 76.0, 3),
(521, 12, 75.0, 1),
(521, 14, 95.0, 2),
(522, 18, 88.0, 3),
(522, 15, 89.0, 1),
(523, 16, 95.0, 1),
(523, 7, 99.0, 1),
(524, 5, 96.0, 2),
(524, 16, 87.0, 3),
(524, 15, 87.0, 2),
(525, 16, 82.0, 3),
(525, 3, 77.0, 3),
(525, 14, 80.0, 1),
(526, 6, 84.0, 3),
(526, 16, 76.0, 2),
(527, 10, 92.0, 1),
(527, 6, 91.0, 1),
(527, 15, 79.0, 1),
(527, 17, 92.0, 3),
(528, 7, 80.0, 2),
(528, 4, 94.0, 2),
(528, 14, 97.0, 3),
(529, 1, 92.0, 3),
(529, 2, 94.0, 1),
(530, 14, 92.0, 2),
(530, 11, 96.0, 3),
(530, 13, 92.0, 1),
(531, 16, 98.0, 1),
(531, 8, 83.0, 1),
(531, 1, 87.0, 1),
(532, 17, 95.0, 1),
(532, 9, 77.0, 2),
(533, 5, 78.0, 3),
(533, 11, 90.0, 3),
(534, 8, 92.0, 2),
(534, 9, 99.0, 1),
(535, 7, 87.0, 2),
(535, 3, 91.0, 3),
(536, 4, 96.0, 3),
(536, 17, 76.0, 3),
(537, 11, 83.0, 2),
(537, 16, 75.0, 1),
(537, 1, 96.0, 1),
(538, 6, 99.0, 3),
(538, 14, 87.0, 3),
(538, 2, 89.0, 3),
(538, 17, 75.0, 3),
(539, 17, 75.0, 2),
(539, 2, 75.0, 2),
(539, 9, 84.0, 1),
(540, 4, 76.0, 1),
(540, 14, 95.0, 1),
(540, 5, 93.0, 3),
(541, 3, 96.0, 3),
(541, 1, 82.0, 3),
(542, 12, 94.0, 3),
(542, 9, 95.0, 1),
(543, 1, 93.0, 3),
(543, 7, 86.0, 2),
(543, 4, 83.0, 1),
(544, 15, 98.0, 3),
(544, 5, 92.0, 2),
(544, 4, 80.0, 1),
(545, 15, 99.0, 2),
(545, 4, 75.0, 2),
(545, 3, 86.0, 3),
(545, 18, 98.0, 1),
(546, 12, 76.0, 1),
(546, 1, 87.0, 3),
(546, 13, 78.0, 1),
(547, 3, 79.0, 3),
(547, 11, 96.0, 1),
(547, 14, 93.0, 3),
(548, 9, 86.0, 1),
(548, 12, 88.0, 2),
(548, 4, 75.0, 1),
(548, 14, 87.0, 2),
(549, 2, 99.0, 1),
(549, 15, 98.0, 2),
(549, 18, 79.0, 3),
(549, 16, 87.0, 1),
(550, 12, 99.0, 2),
(550, 10, 96.0, 3),
(551, 5, 81.0, 1),
(551, 15, 82.0, 3),
(551, 4, 97.0, 2),
(552, 15, 82.0, 2),
(552, 4, 95.0, 1),
(552, 11, 93.0, 1),
(552, 10, 88.0, 2),
(553, 10, 77.0, 2),
(553, 13, 96.0, 1),
(553, 11, 94.0, 2),
(553, 9, 91.0, 2),
(554, 3, 84.0, 1),
(554, 15, 89.0, 3),
(555, 17, 75.0, 3),
(555, 16, 95.0, 2),
(556, 6, 96.0, 1),
(556, 14, 99.0, 1),
(556, 12, 75.0, 3),
(556, 16, 96.0, 2),
(556, 8, 85.0, 3),
(557, 17, 88.0, 3),
(557, 4, 75.0, 1),
(557, 8, 92.0, 3),
(558, 6, 90.0, 3),
(558, 13, 87.0, 2),
(558, 15, 94.0, 1),
(559, 5, 89.0, 2),
(559, 9, 94.0, 3),
(560, 10, 85.0, 2),
(560, 2, 80.0, 2),
(560, 9, 75.0, 1),
(560, 11, 77.0, 3),
(561, 5, 99.0, 3),
(561, 17, 99.0, 1),
(562, 18, 84.0, 2),
(562, 11, 85.0, 3),
(563, 7, 99.0, 3),
(563, 12, 86.0, 1),
(563, 10, 92.0, 2),
(563, 4, 78.0, 2),
(564, 4, 94.0, 3),
(564, 14, 80.0, 1),
(565, 14, 84.0, 3),
(565, 17, 83.0, 3),
(566, 17, 93.0, 1),
(566, 3, 88.0, 2),
(567, 10, 89.0, 2),
(567, 8, 83.0, 2),
(567, 2, 81.0, 1),
(567, 14, 81.0, 3),
(568, 6, 77.0, 2),
(568, 7, 92.0, 2),
(568, 4, 76.0, 1),
(569, 16, 91.0, 2),
(569, 4, 92.0, 1),
(569, 8, 99.0, 3),
(569, 1, 76.0, 1),
(570, 6, 75.0, 1),
(570, 12, 80.0, 2),
(570, 7, 77.0, 3),
(570, 10, 78.0, 1),
(571, 10, 94.0, 3),
(571, 8, 81.0, 2),
(571, 12, 92.0, 1),
(572, 13, 92.0, 1),
(572, 5, 84.0, 3),
(572, 12, 80.0, 3),
(572, 1, 97.0, 1),
(573, 1, 84.0, 2),
(573, 7, 75.0, 1),
(573, 5, 97.0, 3),
(574, 6, 93.0, 1),
(574, 15, 76.0, 1),
(574, 10, 97.0, 3),
(574, 16, 75.0, 2),
(575, 15, 92.0, 3),
(575, 13, 94.0, 1),
(575, 17, 99.0, 3),
(575, 10, 96.0, 3),
(576, 2, 93.0, 1),
(576, 9, 83.0, 1),
(577, 6, 93.0, 3),
(577, 16, 88.0, 1),
(577, 4, 83.0, 1),
(577, 10, 76.0, 2),
(578, 16, 87.0, 2),
(578, 5, 98.0, 2),
(578, 10, 94.0, 1),
(578, 6, 97.0, 2),
(579, 10, 77.0, 1),
(579, 8, 98.0, 1),
(579, 13, 86.0, 2),
(579, 12, 90.0, 1),
(579, 11, 96.0, 3),
(580, 2, 90.0, 3),
(580, 11, 80.0, 3),
(580, 14, 83.0, 2),
(581, 7, 96.0, 3),
(581, 17, 78.0, 1),
(581, 12, 84.0, 1),
(581, 5, 91.0, 2),
(582, 16, 78.0, 2),
(582, 2, 79.0, 1),
(583, 2, 94.0, 3),
(583, 8, 88.0, 1),
(583, 6, 75.0, 1),
(583, 3, 93.0, 3),
(583, 13, 98.0, 3),
(584, 10, 85.0, 1),
(584, 18, 78.0, 3),
(585, 8, 85.0, 1),
(585, 1, 90.0, 3),
(585, 5, 81.0, 1),
(585, 18, 99.0, 3),
(586, 5, 93.0, 3),
(586, 6, 92.0, 2),
(586, 10, 84.0, 1),
(587, 6, 98.0, 3),
(587, 4, 97.0, 3),
(587, 9, 76.0, 2),
(588, 18, 99.0, 3),
(588, 17, 76.0, 1),
(589, 2, 85.0, 2),
(589, 14, 82.0, 1),
(589, 11, 82.0, 3),
(590, 12, 75.0, 3),
(590, 1, 88.0, 1),
(590, 15, 92.0, 1),
(590, 17, 83.0, 1),
(591, 9, 97.0, 2),
(591, 16, 93.0, 2),
(592, 12, 81.0, 1),
(592, 18, 76.0, 1),
(592, 9, 78.0, 2),
(592, 3, 89.0, 1),
(592, 2, 85.0, 2),
(593, 10, 85.0, 1),
(593, 2, 87.0, 1),
(593, 8, 93.0, 3),
(594, 2, 85.0, 1),
(594, 16, 98.0, 3),
(594, 13, 83.0, 2),
(595, 12, 84.0, 1),
(595, 8, 77.0, 3),
(595, 13, 75.0, 2),
(596, 15, 76.0, 1),
(596, 12, 83.0, 2),
(596, 1, 84.0, 2),
(596, 7, 95.0, 3),
(597, 15, 86.0, 3),
(597, 11, 97.0, 1),
(597, 8, 92.0, 1),
(597, 4, 77.0, 2),
(598, 11, 86.0, 2),
(598, 14, 83.0, 1),
(598, 18, 88.0, 2),
(598, 15, 89.0, 3),
(598, 17, 77.0, 1),
(599, 8, 94.0, 3),
(599, 4, 95.0, 2),
(599, 10, 97.0, 2),
(600, 17, 92.0, 1),
(600, 5, 82.0, 1),
(600, 6, 99.0, 2),
(600, 2, 80.0, 2),
(601, 10, 96.0, 1),
(601, 12, 78.0, 3),
(601, 2, 88.0, 3),
(601, 1, 88.0, 3),
(602, 1, 99.0, 1),
(602, 16, 82.0, 2),
(602, 5, 91.0, 1),
(603, 8, 81.0, 2),
(603, 16, 82.0, 2),
(603, 18, 96.0, 1),
(604, 17, 87.0, 3),
(604, 18, 78.0, 3),
(604, 13, 93.0, 1),
(604, 6, 89.0, 2),
(605, 4, 92.0, 1),
(605, 6, 77.0, 3),
(605, 15, 90.0, 1),
(605, 10, 87.0, 1),
(606, 14, 89.0, 3),
(606, 10, 83.0, 1),
(606, 6, 91.0, 2),
(607, 9, 87.0, 3),
(607, 17, 96.0, 2),
(607, 18, 83.0, 3),
(608, 3, 95.0, 2),
(608, 5, 80.0, 2),
(608, 1, 90.0, 3),
(609, 12, 94.0, 1),
(609, 3, 93.0, 2),
(610, 11, 75.0, 2),
(610, 8, 97.0, 1),
(610, 9, 79.0, 1),
(611, 10, 97.0, 1),
(611, 9, 90.0, 2),
(611, 18, 93.0, 1),
(612, 14, 92.0, 1),
(612, 6, 82.0, 1),
(613, 11, 97.0, 2),
(613, 12, 79.0, 3),
(613, 10, 94.0, 1),
(613, 1, 79.0, 2),
(613, 2, 95.0, 1),
(614, 2, 83.0, 2),
(614, 6, 77.0, 3),
(615, 2, 89.0, 1),
(615, 5, 78.0, 3),
(616, 12, 93.0, 1),
(616, 13, 88.0, 2),
(616, 7, 86.0, 3),
(616, 15, 92.0, 3),
(617, 11, 98.0, 3),
(617, 7, 87.0, 2),
(617, 10, 94.0, 1),
(618, 10, 95.0, 2),
(618, 17, 82.0, 1),
(619, 6, 95.0, 2),
(619, 11, 90.0, 1),
(620, 14, 87.0, 1),
(620, 5, 86.0, 1),
(620, 4, 93.0, 1),
(621, 2, 85.0, 1),
(621, 4, 77.0, 1),
(622, 4, 91.0, 2),
(622, 6, 76.0, 3),
(623, 16, 98.0, 2),
(623, 17, 95.0, 2),
(623, 2, 76.0, 2),
(623, 6, 81.0, 2),
(624, 9, 91.0, 1),
(624, 5, 75.0, 3),
(624, 16, 79.0, 2),
(625, 1, 80.0, 2),
(625, 16, 77.0, 1),
(625, 17, 79.0, 2),
(626, 6, 82.0, 1),
(626, 13, 99.0, 3),
(626, 12, 92.0, 1),
(626, 3, 99.0, 3),
(627, 2, 88.0, 3),
(627, 17, 83.0, 1),
(628, 10, 89.0, 2),
(628, 4, 76.0, 1),
(628, 2, 97.0, 3),
(628, 11, 79.0, 3),
(629, 5, 98.0, 1),
(629, 9, 96.0, 2),
(629, 1, 87.0, 2),
(629, 18, 78.0, 3),
(630, 10, 76.0, 2),
(630, 1, 79.0, 2),
(630, 18, 91.0, 1),
(631, 17, 95.0, 1),
(631, 8, 90.0, 1),
(631, 3, 77.0, 2),
(632, 12, 84.0, 3),
(632, 1, 77.0, 1),
(632, 6, 82.0, 3),
(632, 4, 97.0, 2),
(633, 11, 87.0, 3),
(633, 16, 92.0, 1),
(633, 13, 78.0, 2),
(633, 17, 90.0, 2),
(633, 15, 94.0, 1),
(634, 16, 94.0, 2),
(634, 18, 97.0, 1),
(634, 1, 84.0, 2),
(634, 15, 77.0, 1),
(635, 17, 78.0, 3),
(635, 11, 82.0, 3),
(635, 18, 97.0, 3),
(636, 15, 95.0, 1),
(636, 16, 89.0, 3),
(636, 1, 81.0, 2),
(636, 4, 76.0, 2),
(636, 17, 95.0, 2),
(637, 5, 93.0, 1),
(637, 17, 90.0, 3),
(637, 18, 90.0, 1),
(638, 8, 88.0, 3),
(638, 12, 97.0, 3),
(639, 3, 88.0, 2),
(639, 1, 87.0, 1),
(640, 4, 75.0, 1),
(640, 12, 82.0, 3),
(641, 2, 89.0, 3),
(641, 4, 92.0, 3),
(641, 18, 78.0, 2),
(641, 11, 77.0, 2),
(642, 15, 79.0, 3),
(642, 12, 81.0, 3),
(643, 16, 91.0, 2),
(643, 2, 87.0, 2),
(643, 18, 96.0, 1),
(644, 3, 94.0, 3),
(644, 13, 93.0, 2),
(644, 15, 80.0, 3),
(645, 7, 86.0, 3),
(645, 4, 83.0, 1),
(645, 12, 78.0, 1),
(645, 5, 80.0, 1),
(646, 9, 96.0, 3),
(646, 2, 98.0, 2),
(646, 18, 84.0, 3),
(647, 17, 89.0, 3),
(647, 9, 86.0, 2),
(647, 7, 76.0, 1),
(648, 18, 90.0, 1),
(648, 13, 87.0, 1),
(648, 7, 99.0, 1),
(649, 6, 84.0, 2),
(649, 17, 80.0, 2),
(650, 14, 94.0, 1),
(650, 2, 88.0, 3),
(650, 3, 92.0, 1),
(651, 10, 75.0, 1),
(651, 4, 94.0, 1),
(651, 2, 84.0, 1),
(651, 9, 85.0, 3),
(651, 6, 99.0, 1),
(652, 9, 88.0, 3),
(652, 12, 85.0, 2),
(652, 14, 86.0, 2),
(653, 15, 75.0, 2),
(653, 6, 84.0, 1),
(654, 16, 77.0, 1),
(654, 4, 82.0, 1),
(655, 18, 98.0, 3),
(655, 6, 93.0, 3),
(655, 3, 79.0, 2),
(656, 7, 91.0, 1),
(656, 5, 75.0, 2),
(656, 9, 84.0, 2),
(656, 2, 87.0, 1),
(656, 17, 91.0, 3),
(657, 2, 85.0, 2),
(657, 17, 90.0, 2),
(658, 11, 83.0, 3),
(658, 1, 85.0, 1),
(658, 13, 76.0, 3),
(658, 3, 99.0, 3),
(659, 14, 96.0, 2),
(659, 2, 79.0, 2),
(660, 5, 98.0, 2),
(660, 3, 93.0, 1),
(660, 14, 99.0, 1),
(661, 16, 87.0, 2),
(661, 4, 85.0, 2),
(661, 1, 99.0, 1),
(661, 3, 79.0, 3),
(662, 14, 78.0, 1),
(662, 16, 83.0, 1),
(663, 14, 83.0, 1),
(663, 17, 84.0, 2),
(663, 7, 76.0, 1),
(663, 10, 94.0, 2),
(664, 9, 78.0, 3),
(664, 18, 89.0, 2),
(664, 5, 75.0, 1),
(664, 17, 90.0, 1),
(665, 14, 80.0, 1),
(665, 13, 94.0, 3),
(665, 6, 94.0, 1),
(666, 2, 80.0, 1),
(666, 15, 92.0, 1),
(666, 13, 76.0, 2),
(667, 10, 89.0, 2),
(667, 12, 77.0, 3),
(668, 10, 78.0, 2),
(668, 18, 88.0, 3),
(669, 5, 99.0, 1),
(669, 13, 94.0, 1),
(669, 15, 98.0, 2),
(670, 10, 83.0, 2),
(670, 14, 92.0, 2),
(670, 8, 95.0, 1),
(670, 2, 75.0, 2),
(670, 12, 93.0, 2),
(671, 6, 82.0, 2),
(671, 2, 84.0, 2),
(671, 8, 98.0, 2),
(672, 18, 99.0, 1),
(672, 2, 77.0, 2),
(672, 10, 84.0, 1),
(672, 7, 90.0, 2),
(673, 5, 78.0, 1),
(673, 8, 82.0, 1),
(673, 14, 92.0, 3),
(673, 1, 98.0, 2),
(674, 4, 94.0, 1),
(674, 8, 92.0, 2),
(674, 12, 94.0, 2),
(675, 18, 75.0, 1),
(675, 16, 96.0, 2),
(675, 10, 85.0, 1),
(676, 6, 92.0, 1),
(676, 7, 83.0, 2),
(677, 1, 75.0, 1),
(677, 13, 90.0, 1),
(677, 14, 93.0, 1),
(678, 5, 82.0, 2),
(678, 4, 82.0, 1),
(678, 3, 82.0, 2),
(678, 16, 85.0, 2),
(678, 10, 76.0, 1),
(679, 5, 99.0, 3),
(679, 14, 92.0, 3),
(680, 15, 87.0, 2),
(680, 1, 89.0, 3),
(680, 11, 83.0, 2),
(680, 8, 97.0, 1),
(680, 13, 92.0, 2),
(681, 5, 90.0, 2),
(681, 18, 84.0, 3),
(682, 11, 84.0, 3),
(682, 3, 79.0, 1),
(683, 10, 86.0, 2),
(683, 8, 85.0, 2),
(684, 1, 90.0, 1),
(684, 14, 84.0, 1),
(684, 9, 99.0, 1),
(685, 16, 95.0, 2),
(685, 14, 75.0, 3),
(685, 11, 98.0, 2),
(686, 11, 97.0, 2),
(686, 12, 99.0, 3),
(687, 9, 97.0, 2),
(687, 18, 93.0, 3),
(687, 17, 97.0, 2),
(687, 2, 78.0, 1),
(688, 18, 91.0, 1),
(688, 1, 95.0, 2),
(688, 6, 97.0, 2),
(689, 17, 75.0, 2),
(689, 15, 98.0, 1),
(690, 18, 82.0, 1),
(690, 14, 99.0, 1),
(690, 1, 77.0, 3),
(691, 11, 89.0, 1),
(691, 1, 86.0, 1),
(692, 8, 99.0, 3),
(692, 1, 98.0, 2),
(692, 15, 94.0, 3),
(693, 8, 92.0, 1),
(693, 5, 96.0, 3),
(693, 6, 77.0, 3),
(694, 8, 87.0, 2),
(694, 5, 92.0, 1),
(694, 18, 77.0, 1),
(694, 14, 78.0, 2),
(695, 1, 85.0, 1),
(695, 3, 83.0, 1),
(695, 12, 94.0, 2),
(696, 7, 98.0, 2),
(696, 2, 89.0, 1),
(696, 16, 88.0, 3),
(697, 9, 76.0, 3),
(697, 1, 92.0, 3),
(698, 7, 94.0, 1),
(698, 9, 82.0, 1),
(698, 14, 79.0, 3),
(699, 14, 78.0, 3),
(699, 1, 92.0, 2),
(700, 14, 95.0, 3),
(700, 2, 80.0, 3),
(701, 2, 79.0, 2),
(701, 16, 98.0, 2),
(702, 13, 80.0, 3),
(702, 9, 94.0, 3),
(702, 3, 85.0, 1),
(702, 6, 75.0, 3),
(703, 9, 81.0, 1),
(703, 15, 96.0, 2),
(703, 11, 90.0, 3),
(703, 1, 76.0, 3),
(704, 3, 94.0, 1),
(704, 5, 87.0, 2),
(704, 7, 90.0, 3),
(705, 5, 86.0, 2),
(705, 4, 80.0, 3),
(705, 15, 79.0, 3),
(705, 12, 88.0, 3),
(706, 11, 78.0, 1),
(706, 14, 99.0, 3),
(706, 2, 89.0, 3),
(706, 5, 80.0, 2),
(707, 6, 86.0, 3),
(707, 12, 88.0, 1),
(708, 10, 98.0, 2),
(708, 9, 82.0, 2),
(708, 7, 94.0, 1),
(708, 17, 94.0, 3),
(709, 5, 99.0, 2),
(709, 11, 93.0, 1),
(709, 15, 89.0, 3),
(709, 9, 81.0, 2),
(710, 3, 75.0, 2),
(710, 6, 80.0, 3),
(710, 4, 84.0, 1),
(711, 18, 80.0, 1),
(711, 2, 91.0, 2),
(711, 17, 91.0, 1),
(712, 15, 93.0, 2),
(712, 13, 88.0, 1),
(712, 11, 80.0, 3),
(712, 3, 82.0, 2),
(713, 3, 75.0, 3),
(713, 12, 95.0, 1),
(713, 11, 95.0, 2),
(713, 6, 87.0, 2),
(714, 4, 79.0, 3),
(714, 10, 93.0, 1),
(714, 16, 84.0, 3),
(714, 8, 84.0, 1),
(714, 9, 87.0, 2),
(715, 6, 85.0, 3),
(715, 9, 88.0, 2),
(715, 13, 75.0, 1),
(715, 4, 96.0, 3),
(715, 8, 88.0, 3),
(716, 16, 96.0, 2),
(716, 4, 76.0, 1),
(717, 11, 91.0, 2),
(717, 5, 91.0, 1),
(717, 3, 85.0, 3),
(717, 18, 84.0, 1),
(718, 14, 81.0, 1),
(718, 8, 75.0, 2),
(718, 7, 88.0, 3),
(718, 1, 94.0, 2),
(719, 12, 89.0, 1),
(719, 4, 90.0, 1),
(719, 8, 85.0, 3),
(719, 9, 79.0, 3),
(720, 3, 88.0, 1),
(720, 2, 91.0, 2),
(721, 7, 98.0, 2),
(721, 18, 98.0, 1),
(721, 10, 83.0, 3),
(721, 11, 87.0, 3),
(722, 13, 92.0, 1),
(722, 7, 78.0, 3),
(722, 14, 90.0, 2),
(723, 18, 82.0, 3),
(723, 17, 77.0, 3),
(723, 16, 88.0, 2),
(724, 10, 98.0, 3),
(724, 13, 78.0, 3),
(725, 18, 96.0, 3),
(725, 10, 89.0, 1),
(725, 17, 99.0, 2),
(725, 15, 99.0, 3),
(726, 8, 76.0, 3),
(726, 18, 86.0, 3),
(726, 3, 94.0, 1),
(726, 12, 94.0, 1),
(727, 17, 89.0, 1),
(727, 18, 75.0, 2),
(727, 9, 98.0, 2),
(728, 14, 88.0, 3),
(728, 11, 82.0, 3),
(729, 7, 82.0, 1),
(729, 3, 84.0, 3),
(729, 12, 77.0, 1),
(729, 2, 91.0, 2),
(730, 15, 93.0, 1),
(730, 18, 99.0, 2),
(730, 10, 80.0, 2),
(731, 2, 98.0, 3),
(731, 14, 92.0, 3),
(731, 16, 75.0, 1),
(731, 8, 92.0, 3),
(731, 12, 97.0, 1),
(732, 9, 78.0, 1),
(732, 13, 85.0, 3),
(733, 2, 94.0, 3),
(733, 14, 76.0, 3),
(733, 6, 84.0, 1),
(733, 13, 78.0, 2),
(733, 5, 83.0, 2),
(734, 10, 88.0, 1),
(734, 16, 87.0, 2),
(734, 9, 85.0, 2),
(735, 3, 84.0, 3),
(735, 8, 90.0, 1),
(736, 6, 95.0, 3),
(736, 2, 77.0, 1),
(736, 10, 83.0, 1),
(737, 3, 90.0, 1),
(737, 16, 79.0, 1),
(737, 14, 77.0, 1),
(738, 7, 80.0, 1),
(738, 15, 77.0, 2),
(738, 11, 76.0, 2),
(739, 11, 79.0, 3),
(739, 10, 87.0, 2),
(740, 10, 94.0, 1),
(740, 17, 95.0, 1),
(740, 8, 94.0, 3),
(741, 17, 87.0, 1),
(741, 14, 75.0, 1),
(742, 14, 87.0, 3),
(742, 11, 86.0, 1),
(743, 16, 80.0, 3),
(743, 14, 91.0, 2),
(743, 18, 75.0, 3),
(744, 17, 91.0, 3),
(744, 1, 96.0, 1),
(744, 5, 86.0, 3),
(745, 16, 78.0, 2),
(745, 11, 95.0, 3),
(745, 9, 96.0, 1),
(745, 13, 92.0, 3),
(745, 7, 95.0, 2),
(746, 16, 82.0, 3),
(746, 18, 97.0, 1),
(746, 11, 77.0, 3),
(747, 5, 96.0, 1),
(747, 1, 92.0, 2),
(747, 7, 84.0, 3),
(747, 15, 91.0, 1),
(748, 11, 92.0, 2),
(748, 16, 92.0, 2),
(748, 18, 99.0, 2),
(749, 1, 79.0, 2),
(749, 14, 81.0, 1),
(749, 3, 80.0, 3),
(749, 2, 76.0, 3),
(750, 10, 81.0, 1),
(750, 1, 98.0, 3),
(751, 5, 75.0, 3),
(751, 11, 89.0, 1),
(751, 16, 95.0, 3),
(752, 9, 77.0, 2),
(752, 15, 76.0, 3),
(752, 18, 92.0, 2),
(753, 15, 88.0, 3),
(753, 12, 92.0, 3),
(753, 9, 81.0, 1),
(754, 4, 99.0, 3),
(754, 10, 92.0, 1),
(755, 17, 90.0, 1),
(755, 5, 96.0, 3),
(755, 15, 81.0, 2),
(756, 15, 97.0, 2),
(756, 7, 91.0, 1),
(756, 9, 96.0, 1),
(757, 9, 92.0, 2),
(757, 14, 77.0, 2),
(757, 12, 92.0, 1),
(758, 1, 97.0, 1),
(758, 4, 83.0, 3),
(758, 16, 80.0, 1),
(759, 10, 87.0, 2),
(759, 7, 75.0, 1),
(760, 11, 75.0, 1),
(760, 12, 98.0, 2),
(761, 9, 91.0, 2),
(761, 5, 80.0, 2),
(761, 3, 97.0, 3),
(761, 1, 91.0, 3),
(761, 8, 96.0, 2),
(762, 11, 97.0, 1),
(762, 4, 77.0, 3),
(762, 17, 78.0, 2),
(763, 16, 75.0, 3),
(763, 15, 77.0, 2),
(764, 15, 89.0, 3),
(764, 11, 94.0, 1),
(764, 13, 99.0, 1),
(764, 9, 97.0, 2),
(765, 3, 77.0, 2),
(765, 1, 87.0, 2),
(765, 11, 85.0, 2),
(765, 5, 99.0, 3),
(765, 2, 85.0, 3),
(766, 13, 82.0, 2),
(766, 2, 79.0, 3),
(766, 9, 85.0, 2),
(766, 18, 78.0, 3),
(767, 2, 86.0, 1),
(767, 13, 87.0, 2),
(767, 5, 92.0, 2),
(767, 3, 91.0, 1),
(768, 18, 97.0, 2),
(768, 8, 77.0, 3),
(768, 11, 84.0, 3),
(768, 17, 97.0, 1),
(769, 1, 75.0, 1),
(769, 14, 86.0, 2),
(769, 5, 77.0, 3),
(769, 7, 78.0, 2),
(769, 13, 88.0, 2),
(770, 13, 86.0, 3),
(770, 7, 89.0, 3),
(770, 5, 99.0, 2),
(770, 10, 86.0, 3),
(770, 3, 85.0, 1),
(771, 18, 98.0, 2),
(771, 8, 99.0, 3),
(771, 11, 79.0, 1),
(771, 14, 88.0, 2),
(772, 11, 93.0, 1),
(772, 2, 87.0, 2),
(773, 7, 94.0, 3),
(773, 6, 96.0, 1),
(773, 9, 98.0, 1),
(774, 14, 92.0, 3),
(774, 12, 83.0, 3),
(774, 11, 76.0, 3),
(775, 6, 81.0, 3),
(775, 14, 91.0, 1),
(775, 10, 93.0, 3),
(775, 12, 82.0, 1),
(776, 13, 95.0, 2),
(776, 11, 99.0, 3),
(776, 5, 84.0, 3),
(777, 16, 83.0, 2),
(777, 4, 75.0, 2),
(777, 1, 80.0, 3),
(777, 13, 83.0, 2),
(778, 6, 82.0, 2),
(778, 2, 89.0, 3),
(778, 5, 90.0, 2),
(779, 1, 94.0, 3),
(779, 15, 82.0, 1),
(780, 8, 80.0, 1),
(780, 3, 94.0, 1),
(780, 4, 97.0, 3),
(780, 11, 81.0, 1),
(781, 15, 80.0, 3),
(781, 2, 84.0, 3),
(781, 9, 95.0, 3),
(782, 3, 77.0, 3),
(782, 15, 76.0, 3),
(782, 9, 76.0, 2),
(782, 16, 99.0, 2),
(782, 11, 98.0, 1),
(783, 12, 78.0, 2),
(783, 11, 99.0, 1),
(784, 2, 77.0, 2),
(784, 8, 91.0, 2),
(785, 11, 77.0, 3),
(785, 10, 98.0, 3),
(785, 3, 84.0, 1),
(785, 2, 84.0, 1),
(785, 16, 90.0, 1),
(786, 15, 92.0, 2),
(786, 10, 98.0, 3),
(787, 2, 82.0, 3),
(787, 7, 77.0, 3),
(788, 9, 79.0, 2),
(788, 10, 86.0, 3),
(788, 11, 88.0, 3),
(788, 14, 94.0, 2),
(789, 1, 81.0, 2),
(789, 3, 78.0, 3),
(789, 8, 95.0, 3),
(790, 2, 92.0, 3),
(790, 12, 90.0, 3),
(791, 9, 82.0, 3),
(791, 18, 77.0, 1),
(791, 17, 85.0, 3),
(792, 15, 85.0, 1),
(792, 16, 94.0, 3),
(792, 12, 77.0, 3),
(793, 6, 75.0, 1),
(793, 12, 75.0, 2),
(793, 15, 84.0, 3),
(793, 7, 75.0, 3),
(794, 1, 87.0, 2),
(794, 5, 81.0, 1),
(794, 11, 96.0, 1),
(795, 4, 80.0, 2),
(795, 13, 86.0, 1),
(795, 15, 98.0, 2),
(795, 9, 86.0, 2),
(796, 12, 83.0, 2),
(796, 11, 91.0, 2),
(796, 6, 95.0, 3),
(796, 18, 99.0, 1),
(797, 18, 84.0, 1),
(797, 10, 97.0, 3),
(797, 9, 89.0, 3),
(797, 1, 86.0, 3),
(798, 12, 80.0, 1),
(798, 7, 88.0, 3),
(798, 13, 98.0, 2),
(798, 17, 83.0, 2),
(799, 12, 75.0, 2),
(799, 5, 89.0, 1),
(799, 10, 81.0, 1),
(799, 17, 75.0, 2),
(800, 18, 88.0, 1),
(800, 6, 94.0, 2),
(801, 15, 93.0, 1),
(801, 13, 86.0, 1),
(802, 8, 90.0, 1),
(802, 6, 94.0, 1),
(802, 5, 97.0, 1),
(803, 2, 92.0, 3),
(803, 7, 76.0, 2),
(803, 18, 85.0, 1),
(804, 18, 84.0, 3),
(804, 13, 85.0, 2),
(804, 2, 91.0, 3),
(804, 16, 82.0, 3),
(805, 2, 88.0, 2),
(805, 11, 98.0, 3),
(805, 16, 77.0, 2),
(806, 8, 84.0, 3),
(806, 9, 89.0, 3),
(806, 5, 87.0, 3),
(806, 3, 81.0, 3),
(806, 2, 85.0, 3),
(807, 13, 88.0, 2),
(807, 1, 85.0, 3),
(807, 6, 79.0, 3),
(808, 7, 94.0, 2),
(808, 15, 81.0, 2),
(808, 9, 81.0, 1),
(808, 12, 82.0, 3),
(809, 5, 80.0, 2),
(809, 1, 93.0, 3),
(809, 17, 96.0, 2),
(810, 11, 78.0, 2),
(810, 6, 83.0, 3),
(811, 10, 82.0, 1),
(811, 13, 78.0, 2),
(811, 7, 83.0, 1),
(812, 4, 82.0, 1),
(812, 13, 91.0, 3),
(812, 10, 93.0, 1),
(813, 2, 87.0, 1),
(813, 15, 84.0, 2),
(814, 13, 96.0, 1),
(814, 8, 99.0, 3),
(814, 3, 89.0, 2),
(815, 15, 90.0, 2),
(815, 13, 85.0, 2),
(815, 12, 98.0, 1),
(816, 4, 88.0, 1),
(816, 3, 89.0, 2),
(816, 16, 96.0, 2),
(817, 4, 95.0, 3),
(817, 17, 89.0, 2),
(818, 9, 85.0, 2),
(818, 10, 90.0, 2),
(818, 6, 91.0, 2),
(818, 1, 88.0, 2),
(819, 9, 93.0, 3),
(819, 14, 79.0, 1),
(819, 18, 75.0, 2),
(820, 9, 87.0, 2),
(820, 7, 91.0, 3),
(821, 11, 79.0, 3),
(821, 1, 99.0, 3),
(821, 16, 93.0, 2),
(822, 18, 82.0, 1),
(822, 12, 77.0, 3),
(822, 14, 99.0, 2),
(823, 17, 81.0, 1),
(823, 12, 94.0, 2),
(823, 14, 78.0, 3),
(823, 8, 97.0, 3),
(823, 4, 76.0, 2),
(824, 15, 78.0, 2),
(824, 14, 99.0, 3),
(824, 2, 83.0, 3),
(825, 8, 97.0, 1),
(825, 5, 98.0, 3),
(825, 4, 92.0, 1),
(826, 8, 81.0, 2),
(826, 12, 76.0, 3),
(826, 9, 90.0, 2),
(826, 4, 91.0, 3),
(827, 15, 93.0, 1),
(827, 16, 93.0, 1),
(827, 14, 88.0, 3),
(827, 5, 94.0, 1),
(828, 1, 76.0, 3),
(828, 4, 94.0, 2),
(828, 17, 94.0, 2),
(828, 16, 88.0, 2),
(829, 15, 84.0, 1),
(829, 1, 84.0, 3),
(830, 10, 85.0, 3),
(830, 12, 79.0, 3),
(830, 18, 79.0, 2),
(830, 1, 75.0, 1),
(831, 17, 94.0, 3),
(831, 16, 95.0, 1),
(831, 8, 97.0, 2),
(831, 9, 86.0, 3),
(832, 8, 80.0, 2),
(832, 17, 95.0, 1),
(832, 13, 80.0, 1),
(832, 3, 75.0, 3),
(833, 13, 75.0, 3),
(833, 16, 90.0, 1),
(833, 4, 92.0, 1),
(833, 5, 83.0, 3),
(834, 17, 81.0, 3),
(834, 7, 77.0, 2),
(834, 2, 78.0, 2),
(835, 5, 75.0, 2),
(835, 6, 77.0, 2),
(836, 4, 86.0, 3),
(836, 12, 94.0, 1),
(837, 1, 84.0, 3),
(837, 5, 80.0, 2),
(837, 13, 91.0, 2),
(837, 15, 85.0, 2),
(838, 10, 90.0, 3),
(838, 15, 79.0, 1),
(838, 3, 88.0, 3),
(838, 2, 92.0, 1),
(839, 14, 85.0, 1),
(839, 9, 75.0, 2),
(839, 16, 88.0, 3),
(840, 18, 81.0, 3),
(840, 1, 98.0, 1),
(840, 2, 85.0, 2),
(840, 15, 93.0, 3),
(841, 14, 92.0, 3),
(841, 5, 84.0, 3),
(841, 3, 95.0, 3),
(841, 18, 80.0, 3),
(841, 12, 92.0, 2),
(842, 2, 83.0, 1),
(842, 1, 76.0, 1),
(843, 8, 87.0, 3),
(843, 5, 84.0, 2),
(843, 15, 82.0, 3),
(844, 18, 95.0, 1),
(844, 2, 77.0, 1),
(844, 5, 84.0, 1),
(845, 2, 98.0, 3),
(845, 17, 95.0, 3),
(845, 3, 91.0, 1),
(845, 6, 95.0, 3),
(846, 10, 91.0, 3),
(846, 6, 89.0, 2),
(846, 18, 99.0, 3),
(847, 10, 89.0, 3),
(847, 18, 79.0, 2),
(847, 7, 76.0, 1),
(847, 4, 86.0, 3),
(848, 13, 82.0, 2),
(848, 5, 97.0, 1),
(848, 10, 92.0, 1),
(848, 2, 85.0, 3),
(849, 10, 87.0, 3),
(849, 11, 98.0, 1),
(849, 9, 85.0, 2),
(850, 15, 92.0, 1),
(850, 13, 89.0, 3),
(850, 3, 84.0, 2),
(850, 7, 81.0, 2),
(851, 13, 99.0, 2),
(851, 14, 92.0, 2),
(851, 17, 90.0, 2),
(852, 7, 85.0, 3),
(852, 2, 78.0, 2),
(852, 5, 79.0, 3),
(852, 1, 93.0, 2),
(853, 5, 77.0, 3),
(853, 9, 76.0, 2),
(853, 17, 86.0, 3),
(853, 14, 91.0, 3),
(854, 2, 85.0, 3),
(854, 3, 89.0, 1),
(854, 14, 82.0, 3),
(854, 9, 89.0, 2),
(854, 5, 85.0, 3),
(855, 5, 97.0, 3),
(855, 2, 89.0, 3),
(856, 14, 92.0, 3),
(856, 5, 81.0, 1),
(856, 13, 80.0, 1),
(857, 11, 85.0, 3),
(857, 16, 85.0, 3),
(857, 4, 94.0, 2),
(858, 11, 94.0, 1),
(858, 10, 90.0, 1),
(858, 1, 85.0, 1),
(858, 5, 77.0, 1),
(859, 10, 99.0, 3),
(859, 8, 93.0, 2),
(859, 3, 85.0, 1),
(859, 18, 95.0, 2),
(860, 6, 85.0, 1),
(860, 13, 97.0, 3),
(861, 15, 98.0, 1),
(861, 17, 89.0, 3),
(861, 10, 82.0, 1),
(862, 12, 85.0, 3),
(862, 13, 97.0, 1),
(862, 11, 84.0, 2),
(863, 15, 79.0, 1),
(863, 5, 93.0, 1),
(863, 9, 85.0, 1),
(864, 16, 87.0, 2),
(864, 10, 98.0, 3),
(864, 4, 82.0, 1),
(864, 14, 77.0, 2),
(864, 6, 95.0, 1),
(865, 3, 86.0, 3),
(865, 18, 93.0, 2),
(866, 1, 82.0, 3),
(866, 11, 91.0, 1),
(866, 4, 90.0, 2),
(867, 18, 91.0, 2),
(867, 12, 96.0, 2),
(867, 14, 99.0, 2),
(867, 16, 95.0, 3),
(868, 12, 99.0, 2),
(868, 10, 89.0, 2),
(868, 6, 92.0, 3),
(868, 16, 96.0, 3),
(869, 1, 83.0, 2),
(869, 14, 97.0, 1),
(869, 3, 89.0, 1),
(869, 7, 92.0, 1),
(870, 17, 97.0, 3),
(870, 10, 76.0, 1),
(870, 2, 89.0, 2),
(871, 4, 86.0, 2),
(871, 10, 83.0, 3),
(871, 14, 86.0, 1),
(872, 5, 93.0, 3),
(872, 11, 89.0, 1),
(872, 18, 78.0, 1),
(873, 15, 78.0, 2),
(873, 13, 95.0, 3),
(873, 8, 93.0, 1),
(873, 10, 88.0, 1),
(874, 4, 99.0, 1),
(874, 11, 78.0, 3),
(874, 3, 89.0, 2),
(874, 17, 87.0, 2),
(875, 5, 75.0, 3),
(875, 8, 98.0, 3),
(876, 10, 98.0, 2),
(876, 6, 76.0, 2),
(877, 7, 85.0, 3),
(877, 8, 96.0, 2),
(877, 13, 82.0, 3),
(878, 4, 93.0, 1),
(878, 18, 78.0, 3),
(878, 5, 87.0, 1),
(878, 13, 96.0, 1),
(879, 16, 88.0, 2),
(879, 17, 86.0, 2),
(879, 10, 87.0, 2),
(879, 12, 76.0, 1),
(880, 12, 78.0, 2),
(880, 18, 77.0, 2),
(880, 10, 84.0, 2),
(880, 5, 92.0, 2),
(881, 16, 77.0, 1),
(881, 2, 85.0, 1),
(882, 13, 79.0, 3),
(882, 10, 77.0, 2),
(882, 6, 88.0, 3),
(882, 5, 84.0, 3),
(882, 17, 96.0, 1),
(883, 10, 76.0, 1),
(883, 5, 85.0, 3),
(883, 12, 91.0, 1),
(884, 3, 97.0, 3),
(884, 17, 99.0, 2),
(884, 6, 95.0, 3),
(885, 7, 84.0, 1),
(885, 17, 78.0, 3),
(885, 2, 99.0, 2),
(885, 15, 77.0, 2),
(886, 14, 80.0, 1),
(886, 16, 77.0, 1),
(887, 13, 92.0, 2),
(887, 10, 89.0, 3),
(888, 4, 76.0, 2),
(888, 17, 86.0, 1),
(888, 7, 89.0, 1),
(889, 11, 92.0, 1),
(889, 3, 86.0, 2),
(890, 12, 88.0, 1),
(890, 5, 95.0, 1),
(891, 17, 83.0, 3),
(891, 6, 80.0, 2),
(891, 16, 78.0, 3),
(891, 2, 98.0, 2),
(891, 12, 97.0, 2),
(892, 5, 75.0, 2),
(892, 11, 96.0, 1),
(892, 10, 89.0, 1),
(892, 2, 85.0, 1),
(893, 6, 85.0, 3),
(893, 10, 87.0, 1),
(893, 12, 86.0, 1),
(894, 17, 75.0, 1),
(894, 7, 97.0, 1),
(894, 14, 91.0, 1),
(895, 17, 78.0, 2),
(895, 5, 93.0, 1),
(895, 15, 75.0, 1),
(895, 2, 97.0, 3),
(895, 16, 90.0, 3),
(896, 3, 83.0, 3),
(896, 15, 93.0, 2),
(897, 11, 93.0, 2),
(897, 6, 80.0, 3),
(897, 13, 95.0, 2),
(897, 1, 76.0, 2),
(898, 18, 92.0, 1),
(898, 6, 92.0, 2),
(899, 13, 82.0, 3),
(899, 17, 88.0, 2),
(899, 12, 94.0, 3),
(900, 18, 76.0, 2),
(900, 11, 81.0, 3),
(900, 2, 96.0, 3),
(900, 6, 86.0, 1),
(900, 3, 90.0, 1),
(901, 9, 76.0, 3),
(901, 12, 77.0, 2),
(901, 18, 91.0, 2),
(902, 13, 96.0, 1),
(902, 7, 91.0, 1),
(902, 8, 85.0, 2),
(902, 14, 96.0, 1),
(902, 9, 79.0, 3),
(903, 7, 79.0, 1),
(903, 2, 86.0, 3),
(903, 12, 80.0, 1),
(903, 15, 86.0, 3),
(903, 10, 88.0, 1),
(904, 14, 78.0, 3),
(904, 1, 81.0, 2),
(904, 3, 80.0, 3),
(904, 16, 96.0, 3),
(904, 15, 79.0, 3),
(905, 7, 99.0, 2),
(905, 1, 96.0, 1),
(905, 5, 99.0, 3),
(906, 4, 86.0, 3),
(906, 11, 85.0, 3),
(906, 6, 90.0, 1),
(907, 8, 97.0, 1),
(907, 13, 85.0, 2),
(908, 12, 85.0, 1),
(908, 14, 91.0, 1),
(908, 18, 90.0, 3),
(908, 5, 75.0, 3),
(909, 4, 98.0, 1),
(909, 3, 85.0, 3),
(909, 15, 86.0, 2),
(910, 14, 92.0, 2),
(910, 16, 81.0, 2),
(911, 13, 79.0, 1),
(911, 3, 85.0, 1),
(911, 1, 75.0, 3),
(912, 9, 86.0, 3),
(912, 3, 88.0, 2),
(913, 15, 99.0, 1),
(913, 13, 87.0, 1),
(913, 11, 87.0, 1),
(914, 17, 85.0, 3),
(914, 10, 85.0, 2),
(914, 7, 81.0, 3),
(915, 3, 83.0, 3),
(915, 14, 94.0, 2),
(915, 1, 94.0, 2),
(915, 16, 92.0, 2),
(916, 6, 98.0, 2),
(916, 1, 91.0, 2),
(916, 4, 93.0, 2),
(916, 18, 76.0, 3),
(917, 14, 99.0, 2),
(917, 15, 77.0, 3),
(917, 5, 93.0, 1),
(918, 3, 77.0, 3),
(918, 2, 83.0, 1),
(918, 9, 87.0, 2),
(918, 17, 81.0, 3),
(918, 12, 91.0, 2),
(919, 4, 95.0, 3),
(919, 13, 85.0, 2),
(919, 7, 76.0, 1),
(920, 4, 81.0, 1),
(920, 12, 79.0, 1),
(920, 3, 88.0, 1),
(920, 8, 98.0, 1),
(921, 17, 80.0, 1),
(921, 18, 78.0, 3),
(921, 6, 82.0, 3),
(921, 16, 75.0, 2),
(922, 5, 92.0, 1),
(922, 10, 96.0, 3),
(922, 18, 98.0, 2),
(923, 13, 82.0, 2),
(923, 2, 86.0, 2),
(923, 16, 82.0, 1),
(923, 7, 76.0, 2),
(924, 14, 98.0, 2),
(924, 7, 75.0, 3),
(924, 4, 99.0, 3),
(924, 12, 96.0, 3),
(925, 6, 89.0, 3),
(925, 12, 94.0, 3),
(925, 14, 93.0, 3),
(925, 10, 76.0, 3),
(925, 18, 97.0, 2),
(926, 16, 94.0, 2),
(926, 8, 88.0, 3),
(927, 15, 89.0, 2),
(927, 7, 79.0, 1),
(927, 16, 97.0, 2),
(927, 18, 90.0, 3),
(928, 11, 84.0, 1),
(928, 16, 89.0, 1),
(928, 7, 84.0, 2),
(928, 14, 89.0, 1),
(929, 17, 99.0, 3),
(929, 12, 95.0, 1),
(929, 11, 98.0, 2),
(929, 14, 75.0, 1),
(929, 8, 82.0, 2),
(930, 12, 94.0, 1),
(930, 3, 89.0, 1),
(931, 10, 85.0, 3),
(931, 6, 76.0, 1),
(931, 5, 77.0, 1),
(931, 9, 75.0, 2),
(932, 2, 93.0, 1),
(932, 1, 98.0, 2),
(933, 6, 82.0, 3),
(933, 10, 92.0, 3),
(933, 16, 77.0, 1),
(933, 13, 91.0, 2),
(934, 1, 80.0, 2),
(934, 6, 77.0, 1),
(935, 1, 81.0, 2),
(935, 17, 94.0, 2),
(936, 16, 83.0, 1),
(936, 6, 84.0, 1),
(936, 11, 98.0, 3),
(937, 11, 86.0, 3),
(937, 3, 97.0, 1),
(937, 6, 84.0, 1),
(937, 17, 99.0, 3),
(938, 2, 82.0, 3),
(938, 5, 84.0, 3),
(938, 12, 91.0, 3),
(939, 2, 86.0, 3),
(939, 11, 98.0, 1),
(939, 6, 97.0, 1),
(940, 8, 88.0, 2),
(940, 18, 77.0, 1),
(941, 5, 92.0, 2),
(941, 2, 90.0, 2),
(942, 12, 97.0, 1),
(942, 3, 90.0, 2),
(942, 1, 83.0, 2),
(943, 2, 80.0, 1),
(943, 1, 83.0, 2),
(943, 18, 85.0, 3),
(944, 13, 93.0, 3),
(944, 11, 87.0, 1),
(945, 12, 81.0, 1),
(945, 8, 99.0, 1),
(946, 1, 81.0, 3),
(946, 7, 88.0, 2),
(947, 12, 89.0, 1),
(947, 8, 86.0, 2),
(947, 6, 75.0, 2),
(948, 13, 98.0, 1),
(948, 18, 95.0, 3),
(949, 14, 99.0, 1),
(949, 7, 88.0, 3),
(950, 10, 95.0, 2),
(950, 5, 79.0, 3),
(950, 15, 98.0, 1),
(951, 11, 76.0, 3),
(951, 13, 89.0, 1),
(952, 14, 97.0, 3),
(952, 12, 95.0, 3),
(952, 9, 80.0, 2),
(952, 4, 98.0, 2),
(953, 3, 82.0, 3),
(953, 11, 88.0, 1),
(953, 7, 81.0, 2),
(954, 7, 78.0, 3),
(954, 14, 82.0, 2),
(954, 6, 95.0, 1),
(955, 5, 77.0, 3),
(955, 14, 75.0, 1),
(956, 12, 96.0, 2),
(956, 10, 94.0, 2),
(957, 1, 75.0, 2),
(957, 17, 97.0, 3),
(957, 8, 88.0, 3),
(957, 9, 98.0, 2),
(958, 13, 99.0, 1),
(958, 14, 79.0, 1),
(958, 6, 84.0, 2),
(959, 7, 88.0, 2),
(959, 11, 97.0, 2),
(959, 18, 84.0, 3),
(959, 5, 90.0, 1),
(960, 18, 83.0, 1),
(960, 1, 98.0, 3),
(960, 10, 95.0, 3),
(960, 6, 87.0, 2),
(961, 17, 90.0, 1),
(961, 8, 82.0, 3),
(962, 7, 85.0, 2),
(962, 8, 90.0, 3),
(963, 14, 95.0, 3),
(963, 17, 91.0, 2),
(964, 9, 86.0, 2),
(964, 2, 95.0, 1),
(964, 13, 85.0, 3),
(964, 10, 86.0, 3),
(965, 4, 93.0, 3),
(965, 14, 91.0, 2),
(965, 17, 94.0, 2),
(965, 9, 98.0, 3),
(965, 13, 75.0, 1),
(966, 2, 79.0, 1),
(966, 14, 77.0, 1),
(966, 7, 86.0, 2),
(966, 17, 75.0, 3),
(966, 18, 91.0, 2),
(967, 3, 82.0, 2),
(967, 13, 92.0, 2),
(967, 4, 87.0, 1),
(967, 17, 80.0, 2),
(968, 15, 90.0, 3),
(968, 14, 93.0, 2),
(968, 18, 91.0, 2),
(969, 6, 95.0, 2),
(969, 4, 89.0, 2),
(969, 2, 96.0, 3),
(970, 8, 81.0, 1),
(970, 18, 84.0, 3),
(970, 15, 79.0, 2),
(971, 6, 80.0, 3),
(971, 15, 96.0, 1),
(972, 4, 86.0, 1),
(972, 12, 87.0, 3),
(973, 2, 93.0, 3),
(973, 5, 91.0, 2),
(973, 12, 88.0, 1),
(973, 7, 84.0, 1),
(974, 13, 99.0, 1),
(974, 11, 96.0, 1),
(974, 14, 80.0, 1),
(974, 7, 97.0, 1),
(975, 18, 89.0, 1),
(975, 10, 96.0, 1),
(976, 5, 99.0, 1),
(976, 1, 97.0, 3),
(977, 3, 78.0, 2),
(977, 14, 94.0, 2),
(977, 11, 94.0, 1),
(978, 3, 75.0, 2),
(978, 4, 98.0, 3),
(978, 16, 99.0, 2),
(979, 17, 90.0, 1),
(979, 4, 75.0, 3),
(979, 8, 85.0, 3),
(979, 5, 85.0, 2),
(979, 2, 92.0, 1),
(980, 2, 88.0, 2),
(980, 18, 77.0, 3),
(980, 7, 94.0, 3),
(981, 15, 97.0, 2),
(981, 6, 76.0, 2),
(981, 10, 99.0, 1),
(982, 13, 81.0, 2),
(982, 16, 86.0, 1),
(982, 17, 77.0, 2),
(983, 14, 91.0, 3),
(983, 13, 81.0, 3),
(983, 11, 75.0, 2),
(983, 10, 78.0, 1),
(984, 10, 86.0, 2),
(984, 17, 98.0, 3),
(985, 16, 89.0, 1),
(985, 3, 76.0, 3),
(985, 8, 81.0, 1),
(986, 11, 90.0, 1),
(986, 3, 90.0, 3),
(986, 1, 94.0, 2),
(986, 6, 90.0, 3),
(987, 7, 91.0, 2),
(987, 14, 75.0, 3),
(988, 9, 76.0, 3),
(988, 12, 90.0, 2),
(988, 18, 91.0, 2),
(988, 6, 98.0, 3),
(989, 11, 79.0, 1),
(989, 15, 95.0, 1),
(989, 4, 93.0, 2),
(990, 16, 85.0, 1),
(990, 9, 86.0, 3),
(990, 10, 93.0, 3),
(990, 1, 92.0, 2),
(991, 18, 87.0, 2),
(991, 16, 92.0, 1),
(991, 13, 76.0, 1),
(991, 15, 97.0, 1),
(992, 16, 98.0, 2),
(992, 8, 87.0, 3),
(992, 12, 84.0, 3),
(993, 12, 76.0, 3),
(993, 8, 87.0, 2),
(994, 17, 91.0, 3),
(994, 8, 88.0, 1),
(994, 18, 81.0, 3),
(995, 16, 80.0, 2),
(995, 12, 80.0, 3),
(995, 3, 90.0, 2),
(995, 8, 91.0, 1),
(995, 18, 83.0, 3),
(996, 5, 87.0, 3),
(996, 9, 94.0, 1),
(997, 13, 82.0, 1),
(997, 8, 75.0, 2),
(998, 6, 84.0, 3),
(998, 13, 88.0, 1),
(999, 15, 85.0, 3),
(999, 18, 88.0, 2),
(999, 6, 79.0, 3),
(1000, 16, 86.0, 1),
(1000, 6, 94.0, 3),
(1000, 2, 94.0, 3),
(1000, 10, 94.0, 3);
